ID,CEFR
AR_gpt-4o_1_1_1,A1
AR_gpt-4o_1_1_2,A1
AR_gpt-4o_1_1_3,A1
AR_gpt-4o_1_1_4,A1
AR_gpt-4o_1_1_5,A1
AR_gpt-4o_1_1_6,A1
AR_gpt-4o_1_1_7,A1
AR_gpt-4o_1_1_8,A1
AR_gpt-4o_1_1_9,A1
AR_gpt-4o_1_1_10,A1
AR_gpt-4o_1_1_11,A2
AR_gpt-4o_1_1_12,A2
AR_gpt-4o_1_1_13,A2
AR_gpt-4o_1_1_14,A2
AR_gpt-4o_1_1_15,A2
AR_gpt-4o_1_1_16,A2
AR_gpt-4o_1_1_17,A2
AR_gpt-4o_1_1_18,A2
AR_gpt-4o_1_1_19,A2
AR_gpt-4o_1_1_20,A2
AR_gpt-4o_1_2_21,A1
AR_gpt-4o_1_2_22,A1
AR_gpt-4o_1_2_23,A1
AR_gpt-4o_1_2_24,A1
AR_gpt-4o_1_2_25,A1
AR_gpt-4o_1_2_26,A1
AR_gpt-4o_1_2_27,A1
AR_gpt-4o_1_2_28,A1
AR_gpt-4o_1_2_29,A1
AR_gpt-4o_1_2_30,A1
AR_gpt-4o_1_2_31,A2
AR_gpt-4o_1_2_32,A2
AR_gpt-4o_1_2_33,A2
AR_gpt-4o_1_2_34,A2
AR_gpt-4o_1_2_35,A2
AR_gpt-4o_1_2_36,A2
AR_gpt-4o_1_2_37,A2
AR_gpt-4o_1_2_38,A2
AR_gpt-4o_1_2_39,A2
AR_gpt-4o_1_2_40,A2
AR_gpt-4o_2_3_41,A1
AR_gpt-4o_2_3_42,A1
AR_gpt-4o_2_3_43,A1
AR_gpt-4o_2_3_44,A1
AR_gpt-4o_2_3_45,A1
AR_gpt-4o_2_3_46,A1
AR_gpt-4o_2_3_47,A1
AR_gpt-4o_2_3_48,A1
AR_gpt-4o_2_3_49,A1
AR_gpt-4o_2_3_50,A1
AR_gpt-4o_2_3_51,A2
AR_gpt-4o_2_3_52,A2
AR_gpt-4o_2_3_53,A2
AR_gpt-4o_2_3_54,A2
AR_gpt-4o_2_3_55,A2
AR_gpt-4o_2_3_56,A2
AR_gpt-4o_2_3_57,A2
AR_gpt-4o_2_3_58,A2
AR_gpt-4o_2_3_59,A2
AR_gpt-4o_2_3_60,A2
AR_gpt-4o_1_4_61,A1
AR_gpt-4o_1_4_62,A1
AR_gpt-4o_1_4_63,A1
AR_gpt-4o_1_4_64,A1
AR_gpt-4o_1_4_65,A1
AR_gpt-4o_1_4_66,A1
AR_gpt-4o_1_4_67,A1
AR_gpt-4o_1_4_68,A1
AR_gpt-4o_1_4_69,A1
AR_gpt-4o_1_4_70,A1
AR_gpt-4o_1_4_71,A2
AR_gpt-4o_1_4_72,A2
AR_gpt-4o_1_4_73,A2
AR_gpt-4o_1_4_74,A2
AR_gpt-4o_1_4_75,A2
AR_gpt-4o_1_4_76,A2
AR_gpt-4o_1_4_77,A2
AR_gpt-4o_1_4_78,A2
AR_gpt-4o_1_4_79,A2
AR_gpt-4o_1_4_80,A2
AR_gpt-4o_3_5_81,A1
AR_gpt-4o_3_5_82,A1
AR_gpt-4o_3_5_83,A1
AR_gpt-4o_3_5_84,A1
AR_gpt-4o_3_5_85,A1
AR_gpt-4o_3_5_86,A1
AR_gpt-4o_3_5_87,A1
AR_gpt-4o_3_5_88,A1
AR_gpt-4o_3_5_89,A1
AR_gpt-4o_3_5_90,A1
AR_gpt-4o_3_5_91,A2
AR_gpt-4o_3_5_92,A2
AR_gpt-4o_3_5_93,A2
AR_gpt-4o_3_5_94,A2
AR_gpt-4o_3_5_95,A2
AR_gpt-4o_3_5_96,A2
AR_gpt-4o_3_5_97,A2
AR_gpt-4o_3_5_98,A2
AR_gpt-4o_3_5_99,A2
AR_gpt-4o_3_5_100,A2
AR_gpt-4o_2_6_101,A1
AR_gpt-4o_2_6_102,A1
AR_gpt-4o_2_6_103,A1
AR_gpt-4o_2_6_104,A1
AR_gpt-4o_2_6_105,A1
AR_gpt-4o_2_6_106,A1
AR_gpt-4o_2_6_107,A1
AR_gpt-4o_2_6_108,A1
AR_gpt-4o_2_6_109,A1
AR_gpt-4o_2_6_110,A1
AR_gpt-4o_2_6_111,A2
AR_gpt-4o_2_6_112,A2
AR_gpt-4o_2_6_113,A2
AR_gpt-4o_2_6_114,A2
AR_gpt-4o_2_6_115,A2
AR_gpt-4o_2_6_116,A2
AR_gpt-4o_2_6_117,A2
AR_gpt-4o_2_6_118,A2
AR_gpt-4o_2_6_119,A2
AR_gpt-4o_2_6_120,A2
AR_gpt-4o_4_7_121,A1
AR_gpt-4o_4_7_122,A1
AR_gpt-4o_4_7_123,A1
AR_gpt-4o_4_7_124,A1
AR_gpt-4o_4_7_125,A1
AR_gpt-4o_4_7_126,A1
AR_gpt-4o_4_7_127,A1
AR_gpt-4o_4_7_128,A1
AR_gpt-4o_4_7_129,A1
AR_gpt-4o_4_7_130,A1
AR_gpt-4o_4_7_131,A2
AR_gpt-4o_4_7_132,A2
AR_gpt-4o_4_7_133,A2
AR_gpt-4o_4_7_134,A2
AR_gpt-4o_4_7_135,A2
AR_gpt-4o_4_7_136,A2
AR_gpt-4o_4_7_137,A2
AR_gpt-4o_4_7_138,A2
AR_gpt-4o_4_7_139,A2
AR_gpt-4o_4_7_140,A2
AR_gpt-4o_4_8_141,A1
AR_gpt-4o_4_8_142,A1
AR_gpt-4o_4_8_143,A1
AR_gpt-4o_4_8_144,A1
AR_gpt-4o_4_8_145,A1
AR_gpt-4o_4_8_146,A1
AR_gpt-4o_4_8_147,A1
AR_gpt-4o_4_8_148,A1
AR_gpt-4o_4_8_149,A1
AR_gpt-4o_4_8_150,A1
AR_gpt-4o_4_8_151,A2
AR_gpt-4o_4_8_152,A2
AR_gpt-4o_4_8_153,A2
AR_gpt-4o_4_8_154,A2
AR_gpt-4o_4_8_155,A2
AR_gpt-4o_4_8_156,A2
AR_gpt-4o_4_8_157,A2
AR_gpt-4o_4_8_158,A2
AR_gpt-4o_4_8_159,A2
AR_gpt-4o_4_8_160,A2
AR_gpt-4o_5_9_161,A1
AR_gpt-4o_5_9_162,A1
AR_gpt-4o_5_9_163,A1
AR_gpt-4o_5_9_164,A1
AR_gpt-4o_5_9_165,A1
AR_gpt-4o_5_9_166,A1
AR_gpt-4o_5_9_167,A1
AR_gpt-4o_5_9_168,A1
AR_gpt-4o_5_9_169,A1
AR_gpt-4o_5_9_170,A1
AR_gpt-4o_5_9_171,A2
AR_gpt-4o_5_9_172,A2
AR_gpt-4o_5_9_173,A2
AR_gpt-4o_5_9_174,A2
AR_gpt-4o_5_9_175,A2
AR_gpt-4o_5_9_176,A2
AR_gpt-4o_5_9_177,A2
AR_gpt-4o_5_9_178,A2
AR_gpt-4o_5_9_179,A2
AR_gpt-4o_5_9_180,A2
AR_gpt-4o_5_10_181,A1
AR_gpt-4o_5_10_182,A1
AR_gpt-4o_5_10_183,A1
AR_gpt-4o_5_10_184,A1
AR_gpt-4o_5_10_185,A1
AR_gpt-4o_5_10_186,A1
AR_gpt-4o_5_10_187,A1
AR_gpt-4o_5_10_188,A1
AR_gpt-4o_5_10_189,A1
AR_gpt-4o_5_10_190,A1
AR_gpt-4o_5_10_191,A2
AR_gpt-4o_5_10_192,A2
AR_gpt-4o_5_10_193,A2
AR_gpt-4o_5_10_194,A2
AR_gpt-4o_5_10_195,A2
AR_gpt-4o_5_10_196,A2
AR_gpt-4o_5_10_197,A2
AR_gpt-4o_5_10_198,A2
AR_gpt-4o_5_10_199,A2
AR_gpt-4o_5_10_200,A2
AR_gpt-4o_6_11_201,A1
AR_gpt-4o_6_11_202,A1
AR_gpt-4o_6_11_203,A1
AR_gpt-4o_6_11_204,A1
AR_gpt-4o_6_11_205,A1
AR_gpt-4o_6_11_206,A1
AR_gpt-4o_6_11_207,A1
AR_gpt-4o_6_11_208,A1
AR_gpt-4o_6_11_209,A1
AR_gpt-4o_6_11_210,A1
AR_gpt-4o_6_11_211,A2
AR_gpt-4o_6_11_212,A2
AR_gpt-4o_6_11_213,A2
AR_gpt-4o_6_11_214,A2
AR_gpt-4o_6_11_215,A2
AR_gpt-4o_6_11_216,A2
AR_gpt-4o_6_11_217,A2
AR_gpt-4o_6_11_218,A2
AR_gpt-4o_6_11_219,A2
AR_gpt-4o_6_11_220,A2
AR_gpt-4o_6_12_221,A1
AR_gpt-4o_6_12_222,A1
AR_gpt-4o_6_12_223,A1
AR_gpt-4o_6_12_224,A1
AR_gpt-4o_6_12_225,A1
AR_gpt-4o_6_12_226,A1
AR_gpt-4o_6_12_227,A1
AR_gpt-4o_6_12_228,A1
AR_gpt-4o_6_12_229,A1
AR_gpt-4o_6_12_230,A1
AR_gpt-4o_6_12_231,A2
AR_gpt-4o_6_12_232,A2
AR_gpt-4o_6_12_233,A2
AR_gpt-4o_6_12_234,A2
AR_gpt-4o_6_12_235,A2
AR_gpt-4o_6_12_236,A2
AR_gpt-4o_6_12_237,A2
AR_gpt-4o_6_12_238,A2
AR_gpt-4o_6_12_239,A2
AR_gpt-4o_6_12_240,A2
AR_gpt-4o_7_13_241,A1
AR_gpt-4o_7_13_242,A1
AR_gpt-4o_7_13_243,A1
AR_gpt-4o_7_13_244,A1
AR_gpt-4o_7_13_245,A1
AR_gpt-4o_7_13_246,A1
AR_gpt-4o_7_13_247,A1
AR_gpt-4o_7_13_248,A1
AR_gpt-4o_7_13_249,A1
AR_gpt-4o_7_13_250,A1
AR_gpt-4o_7_13_251,A2
AR_gpt-4o_7_13_252,A2
AR_gpt-4o_7_13_253,A2
AR_gpt-4o_7_13_254,A2
AR_gpt-4o_7_13_255,A2
AR_gpt-4o_7_13_256,A2
AR_gpt-4o_7_13_257,A2
AR_gpt-4o_7_13_258,A2
AR_gpt-4o_7_13_259,A2
AR_gpt-4o_7_13_260,A2
AR_gpt-4o_7_14_261,A1
AR_gpt-4o_7_14_262,A1
AR_gpt-4o_7_14_263,A1
AR_gpt-4o_7_14_264,A1
AR_gpt-4o_7_14_265,A1
AR_gpt-4o_7_14_266,A1
AR_gpt-4o_7_14_267,A1
AR_gpt-4o_7_14_268,A1
AR_gpt-4o_7_14_269,A1
AR_gpt-4o_7_14_270,A1
AR_gpt-4o_7_14_271,A2
AR_gpt-4o_7_14_272,A2
AR_gpt-4o_7_14_273,A2
AR_gpt-4o_7_14_274,A2
AR_gpt-4o_7_14_275,A2
AR_gpt-4o_7_14_276,A2
AR_gpt-4o_7_14_277,A2
AR_gpt-4o_7_14_278,A2
AR_gpt-4o_7_14_279,A2
AR_gpt-4o_7_14_280,A2
AR_gpt-4o_7_15_281,A1
AR_gpt-4o_7_15_282,A1
AR_gpt-4o_7_15_283,A1
AR_gpt-4o_7_15_284,A1
AR_gpt-4o_7_15_285,A1
AR_gpt-4o_7_15_286,A1
AR_gpt-4o_7_15_287,A1
AR_gpt-4o_7_15_288,A1
AR_gpt-4o_7_15_289,A1
AR_gpt-4o_7_15_290,A1
AR_gpt-4o_7_15_291,A2
AR_gpt-4o_7_15_292,A2
AR_gpt-4o_7_15_293,A2
AR_gpt-4o_7_15_294,A2
AR_gpt-4o_7_15_295,A2
AR_gpt-4o_7_15_296,A2
AR_gpt-4o_7_15_297,A2
AR_gpt-4o_7_15_298,A2
AR_gpt-4o_7_15_299,A2
AR_gpt-4o_7_15_300,A2
AR_gpt-4o_8_16_301,A1
AR_gpt-4o_8_16_302,A1
AR_gpt-4o_8_16_303,A1
AR_gpt-4o_8_16_304,A1
AR_gpt-4o_8_16_305,A1
AR_gpt-4o_8_16_306,A1
AR_gpt-4o_8_16_307,A1
AR_gpt-4o_8_16_308,A1
AR_gpt-4o_8_16_309,A1
AR_gpt-4o_8_16_310,A1
AR_gpt-4o_8_16_311,A2
AR_gpt-4o_8_16_312,A2
AR_gpt-4o_8_16_313,A2
AR_gpt-4o_8_16_314,A2
AR_gpt-4o_8_16_315,A2
AR_gpt-4o_8_16_316,A2
AR_gpt-4o_8_16_317,A2
AR_gpt-4o_8_16_318,A2
AR_gpt-4o_8_16_319,A2
AR_gpt-4o_8_16_320,A2
AR_gpt-4o_8_17_321,A1
AR_gpt-4o_8_17_322,A1
AR_gpt-4o_8_17_323,A1
AR_gpt-4o_8_17_324,A1
AR_gpt-4o_8_17_325,A1
AR_gpt-4o_8_17_326,A1
AR_gpt-4o_8_17_327,A1
AR_gpt-4o_8_17_328,A1
AR_gpt-4o_8_17_329,A1
AR_gpt-4o_8_17_330,A1
AR_gpt-4o_8_17_331,A2
AR_gpt-4o_8_17_332,A2
AR_gpt-4o_8_17_333,A2
AR_gpt-4o_8_17_334,A2
AR_gpt-4o_8_17_335,A2
AR_gpt-4o_8_17_336,A2
AR_gpt-4o_8_17_337,A2
AR_gpt-4o_8_17_338,A2
AR_gpt-4o_8_17_339,A2
AR_gpt-4o_8_17_340,A2
AR_gpt-4o_1_18_341,A1
AR_gpt-4o_1_18_342,A1
AR_gpt-4o_1_18_343,A1
AR_gpt-4o_1_18_344,A1
AR_gpt-4o_1_18_345,A1
AR_gpt-4o_1_18_346,A1
AR_gpt-4o_1_18_347,A1
AR_gpt-4o_1_18_348,A1
AR_gpt-4o_1_18_349,A1
AR_gpt-4o_1_18_350,A1
AR_gpt-4o_1_18_351,A2
AR_gpt-4o_1_18_352,A2
AR_gpt-4o_1_18_353,A2
AR_gpt-4o_1_18_354,A2
AR_gpt-4o_1_18_355,A2
AR_gpt-4o_1_18_356,A2
AR_gpt-4o_1_18_357,A2
AR_gpt-4o_1_18_358,A2
AR_gpt-4o_1_18_359,A2
AR_gpt-4o_1_18_360,A2
AR_gpt-4o_3_19_361,A1
AR_gpt-4o_3_19_362,A1
AR_gpt-4o_3_19_363,A1
AR_gpt-4o_3_19_364,A1
AR_gpt-4o_3_19_365,A1
AR_gpt-4o_3_19_366,A1
AR_gpt-4o_3_19_367,A1
AR_gpt-4o_3_19_368,A1
AR_gpt-4o_3_19_369,A1
AR_gpt-4o_3_19_370,A1
AR_gpt-4o_3_19_371,A2
AR_gpt-4o_3_19_372,A2
AR_gpt-4o_3_19_373,A2
AR_gpt-4o_3_19_374,A2
AR_gpt-4o_3_19_375,A2
AR_gpt-4o_3_19_376,A2
AR_gpt-4o_3_19_377,A2
AR_gpt-4o_3_19_378,A2
AR_gpt-4o_3_19_379,A2
AR_gpt-4o_3_19_380,A2
AR_gpt-4o_9_20_381,A1
AR_gpt-4o_9_20_382,A1
AR_gpt-4o_9_20_383,A1
AR_gpt-4o_9_20_384,A1
AR_gpt-4o_9_20_385,A1
AR_gpt-4o_9_20_386,A1
AR_gpt-4o_9_20_387,A1
AR_gpt-4o_9_20_388,A1
AR_gpt-4o_9_20_389,A1
AR_gpt-4o_9_20_390,A1
AR_gpt-4o_9_20_391,A2
AR_gpt-4o_9_20_392,A2
AR_gpt-4o_9_20_393,A2
AR_gpt-4o_9_20_394,A2
AR_gpt-4o_9_20_395,A2
AR_gpt-4o_9_20_396,A2
AR_gpt-4o_9_20_397,A2
AR_gpt-4o_9_20_398,A2
AR_gpt-4o_9_20_399,A2
AR_gpt-4o_9_20_400,A2
AR_gpt-4o_10_21_401,A1
AR_gpt-4o_10_21_402,A1
AR_gpt-4o_10_21_403,A1
AR_gpt-4o_10_21_404,A1
AR_gpt-4o_10_21_405,A1
AR_gpt-4o_10_21_406,A1
AR_gpt-4o_10_21_407,A1
AR_gpt-4o_10_21_408,A1
AR_gpt-4o_10_21_409,A1
AR_gpt-4o_10_21_410,A1
AR_gpt-4o_10_21_411,A2
AR_gpt-4o_10_21_412,A2
AR_gpt-4o_10_21_413,A2
AR_gpt-4o_10_21_414,A2
AR_gpt-4o_10_21_415,A2
AR_gpt-4o_10_21_416,A2
AR_gpt-4o_10_21_417,A2
AR_gpt-4o_10_21_418,A2
AR_gpt-4o_10_21_419,A2
AR_gpt-4o_10_21_420,A2
AR_gpt-4o_1_22_421,A1
AR_gpt-4o_1_22_422,A1
AR_gpt-4o_1_22_423,A1
AR_gpt-4o_1_22_424,A1
AR_gpt-4o_1_22_425,A1
AR_gpt-4o_1_22_426,A1
AR_gpt-4o_1_22_427,A1
AR_gpt-4o_1_22_428,A1
AR_gpt-4o_1_22_429,A1
AR_gpt-4o_1_22_430,A1
AR_gpt-4o_1_22_431,A2
AR_gpt-4o_1_22_432,A2
AR_gpt-4o_1_22_433,A2
AR_gpt-4o_1_22_434,A2
AR_gpt-4o_1_22_435,A2
AR_gpt-4o_1_22_436,A2
AR_gpt-4o_1_22_437,A2
AR_gpt-4o_1_22_438,A2
AR_gpt-4o_1_22_439,A2
AR_gpt-4o_1_22_440,A2
AR_gpt-4o_11_23_441,A1
AR_gpt-4o_11_23_442,A1
AR_gpt-4o_11_23_443,A1
AR_gpt-4o_11_23_444,A1
AR_gpt-4o_11_23_445,A1
AR_gpt-4o_11_23_446,A1
AR_gpt-4o_11_23_447,A1
AR_gpt-4o_11_23_448,A1
AR_gpt-4o_11_23_449,A1
AR_gpt-4o_11_23_450,A1
AR_gpt-4o_11_23_451,A2
AR_gpt-4o_11_23_452,A2
AR_gpt-4o_11_23_453,A2
AR_gpt-4o_11_23_454,A2
AR_gpt-4o_11_23_455,A2
AR_gpt-4o_11_23_456,A2
AR_gpt-4o_11_23_457,A2
AR_gpt-4o_11_23_458,A2
AR_gpt-4o_11_23_459,A2
AR_gpt-4o_11_23_460,A2
AR_gpt-4o_12_24_461,A1
AR_gpt-4o_12_24_462,A1
AR_gpt-4o_12_24_463,A1
AR_gpt-4o_12_24_464,A1
AR_gpt-4o_12_24_465,A1
AR_gpt-4o_12_24_466,A1
AR_gpt-4o_12_24_467,A1
AR_gpt-4o_12_24_468,A1
AR_gpt-4o_12_24_469,A1
AR_gpt-4o_12_24_470,A1
AR_gpt-4o_12_24_471,A2
AR_gpt-4o_12_24_472,A2
AR_gpt-4o_12_24_473,A2
AR_gpt-4o_12_24_474,A2
AR_gpt-4o_12_24_475,A2
AR_gpt-4o_12_24_476,A2
AR_gpt-4o_12_24_477,A2
AR_gpt-4o_12_24_478,A2
AR_gpt-4o_12_24_479,A2
AR_gpt-4o_12_24_480,A2
AR_gpt-4o_13_25_481,A1
AR_gpt-4o_13_25_482,A1
AR_gpt-4o_13_25_483,A1
AR_gpt-4o_13_25_484,A1
AR_gpt-4o_13_25_485,A1
AR_gpt-4o_13_25_486,A1
AR_gpt-4o_13_25_487,A1
AR_gpt-4o_13_25_488,A1
AR_gpt-4o_13_25_489,A1
AR_gpt-4o_13_25_490,A1
AR_gpt-4o_13_25_491,A2
AR_gpt-4o_13_25_492,A2
AR_gpt-4o_13_25_493,A2
AR_gpt-4o_13_25_494,A2
AR_gpt-4o_13_25_495,A2
AR_gpt-4o_13_25_496,A2
AR_gpt-4o_13_25_497,A2
AR_gpt-4o_13_25_498,A2
AR_gpt-4o_13_25_499,A2
AR_gpt-4o_13_25_500,A2
AR_gpt-4o_14_26_501,A1
AR_gpt-4o_14_26_502,A1
AR_gpt-4o_14_26_503,A1
AR_gpt-4o_14_26_504,A1
AR_gpt-4o_14_26_505,A1
AR_gpt-4o_14_26_506,A1
AR_gpt-4o_14_26_507,A1
AR_gpt-4o_14_26_508,A1
AR_gpt-4o_14_26_509,A1
AR_gpt-4o_14_26_510,A1
AR_gpt-4o_14_26_511,A2
AR_gpt-4o_14_26_512,A2
AR_gpt-4o_14_26_513,A2
AR_gpt-4o_14_26_514,A2
AR_gpt-4o_14_26_515,A2
AR_gpt-4o_14_26_516,A2
AR_gpt-4o_14_26_517,A2
AR_gpt-4o_14_26_518,A2
AR_gpt-4o_14_26_519,A2
AR_gpt-4o_14_26_520,A2
AR_gpt-4o_15_27_521,A1
AR_gpt-4o_15_27_522,A1
AR_gpt-4o_15_27_523,A1
AR_gpt-4o_15_27_524,A1
AR_gpt-4o_15_27_525,A1
AR_gpt-4o_15_27_526,A1
AR_gpt-4o_15_27_527,A1
AR_gpt-4o_15_27_528,A1
AR_gpt-4o_15_27_529,A1
AR_gpt-4o_15_27_530,A1
AR_gpt-4o_15_27_531,A2
AR_gpt-4o_15_27_532,A2
AR_gpt-4o_15_27_533,A2
AR_gpt-4o_15_27_534,A2
AR_gpt-4o_15_27_535,A2
AR_gpt-4o_15_27_536,A2
AR_gpt-4o_15_27_537,A2
AR_gpt-4o_15_27_538,A2
AR_gpt-4o_15_27_539,A2
AR_gpt-4o_15_27_540,A2
AR_gpt-4o_15_28_541,A1
AR_gpt-4o_15_28_542,A1
AR_gpt-4o_15_28_543,A1
AR_gpt-4o_15_28_544,A1
AR_gpt-4o_15_28_545,A1
AR_gpt-4o_15_28_546,A1
AR_gpt-4o_15_28_547,A1
AR_gpt-4o_15_28_548,A1
AR_gpt-4o_15_28_549,A1
AR_gpt-4o_15_28_550,A1
AR_gpt-4o_15_28_551,A2
AR_gpt-4o_15_28_552,A2
AR_gpt-4o_15_28_553,A2
AR_gpt-4o_15_28_554,A2
AR_gpt-4o_15_28_555,A2
AR_gpt-4o_15_28_556,A2
AR_gpt-4o_15_28_557,A2
AR_gpt-4o_15_28_558,A2
AR_gpt-4o_15_28_559,A2
AR_gpt-4o_15_28_560,A2
AR_gpt-4o_10_29_561,A1
AR_gpt-4o_10_29_562,A1
AR_gpt-4o_10_29_563,A1
AR_gpt-4o_10_29_564,A1
AR_gpt-4o_10_29_565,A1
AR_gpt-4o_10_29_566,A1
AR_gpt-4o_10_29_567,A1
AR_gpt-4o_10_29_568,A1
AR_gpt-4o_10_29_569,A1
AR_gpt-4o_10_29_570,A1
AR_gpt-4o_10_29_571,A2
AR_gpt-4o_10_29_572,A2
AR_gpt-4o_10_29_573,A2
AR_gpt-4o_10_29_574,A2
AR_gpt-4o_10_29_575,A2
AR_gpt-4o_10_29_576,A2
AR_gpt-4o_10_29_577,A2
AR_gpt-4o_10_29_578,A2
AR_gpt-4o_10_29_579,A2
AR_gpt-4o_10_29_580,A2
AR_gpt-4o_12_30_581,A1
AR_gpt-4o_12_30_582,A1
AR_gpt-4o_12_30_583,A1
AR_gpt-4o_12_30_584,A1
AR_gpt-4o_12_30_585,A1
AR_gpt-4o_12_30_586,A1
AR_gpt-4o_12_30_587,A1
AR_gpt-4o_12_30_588,A1
AR_gpt-4o_12_30_589,A1
AR_gpt-4o_12_30_590,A1
AR_gpt-4o_12_30_591,A2
AR_gpt-4o_12_30_592,A2
AR_gpt-4o_12_30_593,A2
AR_gpt-4o_12_30_594,A2
AR_gpt-4o_12_30_595,A2
AR_gpt-4o_12_30_596,A2
AR_gpt-4o_12_30_597,A2
AR_gpt-4o_12_30_598,A2
AR_gpt-4o_12_30_599,A2
AR_gpt-4o_12_30_600,A2
AR_gpt-4o_1_31_601,A1
AR_gpt-4o_1_31_602,A1
AR_gpt-4o_1_31_603,A1
AR_gpt-4o_1_31_604,A1
AR_gpt-4o_1_31_605,A1
AR_gpt-4o_1_31_606,A1
AR_gpt-4o_1_31_607,A1
AR_gpt-4o_1_31_608,A1
AR_gpt-4o_1_31_609,A1
AR_gpt-4o_1_31_610,A1
AR_gpt-4o_1_31_611,A2
AR_gpt-4o_1_31_612,A2
AR_gpt-4o_1_31_613,A2
AR_gpt-4o_1_31_614,A2
AR_gpt-4o_1_31_615,A2
AR_gpt-4o_1_31_616,A2
AR_gpt-4o_1_31_617,A2
AR_gpt-4o_1_31_618,A2
AR_gpt-4o_1_31_619,A2
AR_gpt-4o_1_31_620,A2
AR_gpt-4o_2_32_621,A1
AR_gpt-4o_2_32_622,A1
AR_gpt-4o_2_32_623,A1
AR_gpt-4o_2_32_624,A1
AR_gpt-4o_2_32_625,A1
AR_gpt-4o_2_32_626,A1
AR_gpt-4o_2_32_627,A1
AR_gpt-4o_2_32_628,A1
AR_gpt-4o_2_32_629,A1
AR_gpt-4o_2_32_630,A1
AR_gpt-4o_2_32_631,A2
AR_gpt-4o_2_32_632,A2
AR_gpt-4o_2_32_633,A2
AR_gpt-4o_2_32_634,A2
AR_gpt-4o_2_32_635,A2
AR_gpt-4o_2_32_636,A2
AR_gpt-4o_2_32_637,A2
AR_gpt-4o_2_32_638,A2
AR_gpt-4o_2_32_639,A2
AR_gpt-4o_2_32_640,A2
AR_gpt-4o_3_33_641,A1
AR_gpt-4o_3_33_642,A1
AR_gpt-4o_3_33_643,A1
AR_gpt-4o_3_33_644,A1
AR_gpt-4o_3_33_645,A1
AR_gpt-4o_3_33_646,A1
AR_gpt-4o_3_33_647,A1
AR_gpt-4o_3_33_648,A1
AR_gpt-4o_3_33_649,A1
AR_gpt-4o_3_33_650,A1
AR_gpt-4o_3_33_651,A2
AR_gpt-4o_3_33_652,A2
AR_gpt-4o_3_33_653,A2
AR_gpt-4o_3_33_654,A2
AR_gpt-4o_3_33_655,A2
AR_gpt-4o_3_33_656,A2
AR_gpt-4o_3_33_657,A2
AR_gpt-4o_3_33_658,A2
AR_gpt-4o_3_33_659,A2
AR_gpt-4o_3_33_660,A2
AR_gpt-4o_16_34_661,A1
AR_gpt-4o_16_34_662,A1
AR_gpt-4o_16_34_663,A1
AR_gpt-4o_16_34_664,A1
AR_gpt-4o_16_34_665,A1
AR_gpt-4o_16_34_666,A1
AR_gpt-4o_16_34_667,A1
AR_gpt-4o_16_34_668,A1
AR_gpt-4o_16_34_669,A1
AR_gpt-4o_16_34_670,A1
AR_gpt-4o_16_34_671,A2
AR_gpt-4o_16_34_672,A2
AR_gpt-4o_16_34_673,A2
AR_gpt-4o_16_34_674,A2
AR_gpt-4o_16_34_675,A2
AR_gpt-4o_16_34_676,A2
AR_gpt-4o_16_34_677,A2
AR_gpt-4o_16_34_678,A2
AR_gpt-4o_16_34_679,A2
AR_gpt-4o_16_34_680,A2
AR_gpt-4o_3_35_681,A1
AR_gpt-4o_3_35_682,A1
AR_gpt-4o_3_35_683,A1
AR_gpt-4o_3_35_684,A1
AR_gpt-4o_3_35_685,A1
AR_gpt-4o_3_35_686,A1
AR_gpt-4o_3_35_687,A1
AR_gpt-4o_3_35_688,A1
AR_gpt-4o_3_35_689,A1
AR_gpt-4o_3_35_690,A1
AR_gpt-4o_3_35_691,A2
AR_gpt-4o_3_35_692,A2
AR_gpt-4o_3_35_693,A2
AR_gpt-4o_3_35_694,A2
AR_gpt-4o_3_35_695,A2
AR_gpt-4o_3_35_696,A2
AR_gpt-4o_3_35_697,A2
AR_gpt-4o_3_35_698,A2
AR_gpt-4o_3_35_699,A2
AR_gpt-4o_3_35_700,A2
AR_gpt-4o_10_36_701,A1
AR_gpt-4o_10_36_702,A1
AR_gpt-4o_10_36_703,A1
AR_gpt-4o_10_36_704,A1
AR_gpt-4o_10_36_705,A1
AR_gpt-4o_10_36_706,A1
AR_gpt-4o_10_36_707,A1
AR_gpt-4o_10_36_708,A1
AR_gpt-4o_10_36_709,A1
AR_gpt-4o_10_36_710,A1
AR_gpt-4o_10_36_711,A2
AR_gpt-4o_10_36_712,A2
AR_gpt-4o_10_36_713,A2
AR_gpt-4o_10_36_714,A2
AR_gpt-4o_10_36_715,A2
AR_gpt-4o_10_36_716,A2
AR_gpt-4o_10_36_717,A2
AR_gpt-4o_10_36_718,A2
AR_gpt-4o_10_36_719,A2
AR_gpt-4o_10_36_720,A2
AR_gpt-4o_9_37_721,A1
AR_gpt-4o_9_37_722,A1
AR_gpt-4o_9_37_723,A1
AR_gpt-4o_9_37_724,A1
AR_gpt-4o_9_37_725,A1
AR_gpt-4o_9_37_726,A1
AR_gpt-4o_9_37_727,A1
AR_gpt-4o_9_37_728,A1
AR_gpt-4o_9_37_729,A1
AR_gpt-4o_9_37_730,A1
AR_gpt-4o_9_37_731,A2
AR_gpt-4o_9_37_732,A2
AR_gpt-4o_9_37_733,A2
AR_gpt-4o_9_37_734,A2
AR_gpt-4o_9_37_735,A2
AR_gpt-4o_9_37_736,A2
AR_gpt-4o_9_37_737,A2
AR_gpt-4o_9_37_738,A2
AR_gpt-4o_9_37_739,A2
AR_gpt-4o_9_37_740,A2
AR_gpt-4o_17_38_741,A1
AR_gpt-4o_17_38_742,A1
AR_gpt-4o_17_38_743,A1
AR_gpt-4o_17_38_744,A1
AR_gpt-4o_17_38_745,A1
AR_gpt-4o_17_38_746,A1
AR_gpt-4o_17_38_747,A1
AR_gpt-4o_17_38_748,A1
AR_gpt-4o_17_38_749,A1
AR_gpt-4o_17_38_750,A1
AR_gpt-4o_17_38_751,A2
AR_gpt-4o_17_38_752,A2
AR_gpt-4o_17_38_753,A2
AR_gpt-4o_17_38_754,A2
AR_gpt-4o_17_38_755,A2
AR_gpt-4o_17_38_756,A2
AR_gpt-4o_17_38_757,A2
AR_gpt-4o_17_38_758,A2
AR_gpt-4o_17_38_759,A2
AR_gpt-4o_17_38_760,A2
AR_gpt-4o_9_39_761,A1
AR_gpt-4o_9_39_762,A1
AR_gpt-4o_9_39_763,A1
AR_gpt-4o_9_39_764,A1
AR_gpt-4o_9_39_765,A1
AR_gpt-4o_9_39_766,A1
AR_gpt-4o_9_39_767,A1
AR_gpt-4o_9_39_768,A1
AR_gpt-4o_9_39_769,A1
AR_gpt-4o_9_39_770,A1
AR_gpt-4o_9_39_771,A2
AR_gpt-4o_9_39_772,A2
AR_gpt-4o_9_39_773,A2
AR_gpt-4o_9_39_774,A2
AR_gpt-4o_9_39_775,A2
AR_gpt-4o_9_39_776,A2
AR_gpt-4o_9_39_777,A2
AR_gpt-4o_9_39_778,A2
AR_gpt-4o_9_39_779,A2
AR_gpt-4o_9_39_780,A2
AR_gpt-4o_16_40_781,A1
AR_gpt-4o_16_40_782,A1
AR_gpt-4o_16_40_783,A1
AR_gpt-4o_16_40_784,A1
AR_gpt-4o_16_40_785,A1
AR_gpt-4o_16_40_786,A1
AR_gpt-4o_16_40_787,A1
AR_gpt-4o_16_40_788,A1
AR_gpt-4o_16_40_789,A1
AR_gpt-4o_16_40_790,A1
AR_gpt-4o_16_40_791,A2
AR_gpt-4o_16_40_792,A2
AR_gpt-4o_16_40_793,A2
AR_gpt-4o_16_40_794,A2
AR_gpt-4o_16_40_795,A2
AR_gpt-4o_16_40_796,A2
AR_gpt-4o_16_40_797,A2
AR_gpt-4o_16_40_798,A2
AR_gpt-4o_16_40_799,A2
AR_gpt-4o_16_40_800,A2
AR_gpt-4o_10_41_801,A1
AR_gpt-4o_10_41_802,A1
AR_gpt-4o_10_41_803,A1
AR_gpt-4o_10_41_804,A1
AR_gpt-4o_10_41_805,A1
AR_gpt-4o_10_41_806,A1
AR_gpt-4o_10_41_807,A1
AR_gpt-4o_10_41_808,A1
AR_gpt-4o_10_41_809,A1
AR_gpt-4o_10_41_810,A1
AR_gpt-4o_10_41_811,A2
AR_gpt-4o_10_41_812,A2
AR_gpt-4o_10_41_813,A2
AR_gpt-4o_10_41_814,A2
AR_gpt-4o_10_41_815,A2
AR_gpt-4o_10_41_816,A2
AR_gpt-4o_10_41_817,A2
AR_gpt-4o_10_41_818,A2
AR_gpt-4o_10_41_819,A2
AR_gpt-4o_10_41_820,A2
AR_gpt-4o_1_42_821,A1
AR_gpt-4o_1_42_822,A1
AR_gpt-4o_1_42_823,A1
AR_gpt-4o_1_42_824,A1
AR_gpt-4o_1_42_825,A1
AR_gpt-4o_1_42_826,A1
AR_gpt-4o_1_42_827,A1
AR_gpt-4o_1_42_828,A1
AR_gpt-4o_1_42_829,A1
AR_gpt-4o_1_42_830,A1
AR_gpt-4o_1_42_831,A2
AR_gpt-4o_1_42_832,A2
AR_gpt-4o_1_42_833,A2
AR_gpt-4o_1_42_834,A2
AR_gpt-4o_1_42_835,A2
AR_gpt-4o_1_42_836,A2
AR_gpt-4o_1_42_837,A2
AR_gpt-4o_1_42_838,A2
AR_gpt-4o_1_42_839,A2
AR_gpt-4o_1_42_840,A2
AR_gpt-4o_9_43_841,A1
AR_gpt-4o_9_43_842,A1
AR_gpt-4o_9_43_843,A1
AR_gpt-4o_9_43_844,A1
AR_gpt-4o_9_43_845,A1
AR_gpt-4o_9_43_846,A1
AR_gpt-4o_9_43_847,A1
AR_gpt-4o_9_43_848,A1
AR_gpt-4o_9_43_849,A1
AR_gpt-4o_9_43_850,A1
AR_gpt-4o_9_43_851,A2
AR_gpt-4o_9_43_852,A2
AR_gpt-4o_9_43_853,A2
AR_gpt-4o_9_43_854,A2
AR_gpt-4o_9_43_855,A2
AR_gpt-4o_9_43_856,A2
AR_gpt-4o_9_43_857,A2
AR_gpt-4o_9_43_858,A2
AR_gpt-4o_9_43_859,A2
AR_gpt-4o_9_43_860,A2
AR_gpt-4o_17_44_861,A1
AR_gpt-4o_17_44_862,A1
AR_gpt-4o_17_44_863,A1
AR_gpt-4o_17_44_864,A1
AR_gpt-4o_17_44_865,A1
AR_gpt-4o_17_44_866,A1
AR_gpt-4o_17_44_867,A1
AR_gpt-4o_17_44_868,A1
AR_gpt-4o_17_44_869,A1
AR_gpt-4o_17_44_870,A1
AR_gpt-4o_17_44_871,A2
AR_gpt-4o_17_44_872,A2
AR_gpt-4o_17_44_873,A2
AR_gpt-4o_17_44_874,A2
AR_gpt-4o_17_44_875,A2
AR_gpt-4o_17_44_876,A2
AR_gpt-4o_17_44_877,A2
AR_gpt-4o_17_44_878,A2
AR_gpt-4o_17_44_879,A2
AR_gpt-4o_17_44_880,A2
AR_gpt-4o_17_45_881,A1
AR_gpt-4o_17_45_882,A1
AR_gpt-4o_17_45_883,A1
AR_gpt-4o_17_45_884,A1
AR_gpt-4o_17_45_885,A1
AR_gpt-4o_17_45_886,A1
AR_gpt-4o_17_45_887,A1
AR_gpt-4o_17_45_888,A1
AR_gpt-4o_17_45_889,A1
AR_gpt-4o_17_45_890,A1
AR_gpt-4o_17_45_891,A2
AR_gpt-4o_17_45_892,A2
AR_gpt-4o_17_45_893,A2
AR_gpt-4o_17_45_894,A2
AR_gpt-4o_17_45_895,A2
AR_gpt-4o_17_45_896,A2
AR_gpt-4o_17_45_897,A2
AR_gpt-4o_17_45_898,A2
AR_gpt-4o_17_45_899,A2
AR_gpt-4o_17_45_900,A2
AR_gpt-4o_17_46_901,A1
AR_gpt-4o_17_46_902,A1
AR_gpt-4o_17_46_903,A1
AR_gpt-4o_17_46_904,A1
AR_gpt-4o_17_46_905,A1
AR_gpt-4o_17_46_906,A1
AR_gpt-4o_17_46_907,A1
AR_gpt-4o_17_46_908,A1
AR_gpt-4o_17_46_909,A1
AR_gpt-4o_17_46_910,A1
AR_gpt-4o_17_46_911,A2
AR_gpt-4o_17_46_912,A2
AR_gpt-4o_17_46_913,A2
AR_gpt-4o_17_46_914,A2
AR_gpt-4o_17_46_915,A2
AR_gpt-4o_17_46_916,A2
AR_gpt-4o_17_46_917,A2
AR_gpt-4o_17_46_918,A2
AR_gpt-4o_17_46_919,A2
AR_gpt-4o_17_46_920,A2
AR_gpt-4o_9_47_921,A1
AR_gpt-4o_9_47_922,A1
AR_gpt-4o_9_47_923,A1
AR_gpt-4o_9_47_924,A1
AR_gpt-4o_9_47_925,A1
AR_gpt-4o_9_47_926,A1
AR_gpt-4o_9_47_927,A1
AR_gpt-4o_9_47_928,A1
AR_gpt-4o_9_47_929,A1
AR_gpt-4o_9_47_930,A1
AR_gpt-4o_9_47_931,A2
AR_gpt-4o_9_47_932,A2
AR_gpt-4o_9_47_933,A2
AR_gpt-4o_9_47_934,A2
AR_gpt-4o_9_47_935,A2
AR_gpt-4o_9_47_936,A2
AR_gpt-4o_9_47_937,A2
AR_gpt-4o_9_47_938,A2
AR_gpt-4o_9_47_939,A2
AR_gpt-4o_9_47_940,A2
AR_gpt-4o_15_48_941,B1
AR_gpt-4o_15_48_942,B1
AR_gpt-4o_15_48_943,B1
AR_gpt-4o_15_48_944,B1
AR_gpt-4o_15_48_945,B1
AR_gpt-4o_15_48_946,B1
AR_gpt-4o_15_48_947,B1
AR_gpt-4o_15_48_948,B1
AR_gpt-4o_15_48_949,B1
AR_gpt-4o_15_48_950,B1
AR_gpt-4o_15_48_951,B2
AR_gpt-4o_15_48_952,B2
AR_gpt-4o_15_48_953,B2
AR_gpt-4o_15_48_954,B2
AR_gpt-4o_15_48_955,B2
AR_gpt-4o_15_48_956,B2
AR_gpt-4o_15_48_957,B2
AR_gpt-4o_15_48_958,B2
AR_gpt-4o_15_48_959,B2
AR_gpt-4o_15_48_960,B2
AR_gpt-4o_7_49_961,B1
AR_gpt-4o_7_49_962,B1
AR_gpt-4o_7_49_963,B1
AR_gpt-4o_7_49_964,B1
AR_gpt-4o_7_49_965,B1
AR_gpt-4o_7_49_966,B1
AR_gpt-4o_7_49_967,B1
AR_gpt-4o_7_49_968,B1
AR_gpt-4o_7_49_969,B1
AR_gpt-4o_7_49_970,B1
AR_gpt-4o_7_49_971,B2
AR_gpt-4o_7_49_972,B2
AR_gpt-4o_7_49_973,B2
AR_gpt-4o_7_49_974,B2
AR_gpt-4o_7_49_975,B2
AR_gpt-4o_7_49_976,B2
AR_gpt-4o_7_49_977,B2
AR_gpt-4o_7_49_978,B2
AR_gpt-4o_7_49_979,B2
AR_gpt-4o_7_49_980,B2
AR_gpt-4o_8_50_981,B1
AR_gpt-4o_8_50_982,B1
AR_gpt-4o_8_50_983,B1
AR_gpt-4o_8_50_984,B1
AR_gpt-4o_8_50_985,B1
AR_gpt-4o_8_50_986,B1
AR_gpt-4o_8_50_987,B1
AR_gpt-4o_8_50_988,B1
AR_gpt-4o_8_50_989,B1
AR_gpt-4o_8_50_990,B1
AR_gpt-4o_8_50_991,B2
AR_gpt-4o_8_50_992,B2
AR_gpt-4o_8_50_993,B2
AR_gpt-4o_8_50_994,B2
AR_gpt-4o_8_50_995,B2
AR_gpt-4o_8_50_996,B2
AR_gpt-4o_8_50_997,B2
AR_gpt-4o_8_50_998,B2
AR_gpt-4o_8_50_999,B2
AR_gpt-4o_8_50_1000,B2
AR_gpt-4o_10_51_1001,B1
AR_gpt-4o_10_51_1002,B1
AR_gpt-4o_10_51_1003,B1
AR_gpt-4o_10_51_1004,B1
AR_gpt-4o_10_51_1005,B1
AR_gpt-4o_10_51_1006,B1
AR_gpt-4o_10_51_1007,B1
AR_gpt-4o_10_51_1008,B1
AR_gpt-4o_10_51_1009,B1
AR_gpt-4o_10_51_1010,B1
AR_gpt-4o_10_51_1011,B2
AR_gpt-4o_10_51_1012,B2
AR_gpt-4o_10_51_1013,B2
AR_gpt-4o_10_51_1014,B2
AR_gpt-4o_10_51_1015,B2
AR_gpt-4o_10_51_1016,B2
AR_gpt-4o_10_51_1017,B2
AR_gpt-4o_10_51_1018,B2
AR_gpt-4o_10_51_1019,B2
AR_gpt-4o_10_51_1020,B2
AR_gpt-4o_12_52_1021,B1
AR_gpt-4o_12_52_1022,B1
AR_gpt-4o_12_52_1023,B1
AR_gpt-4o_12_52_1024,B1
AR_gpt-4o_12_52_1025,B1
AR_gpt-4o_12_52_1026,B1
AR_gpt-4o_12_52_1027,B1
AR_gpt-4o_12_52_1028,B1
AR_gpt-4o_12_52_1029,B1
AR_gpt-4o_12_52_1030,B1
AR_gpt-4o_12_52_1031,B2
AR_gpt-4o_12_52_1032,B2
AR_gpt-4o_12_52_1033,B2
AR_gpt-4o_12_52_1034,B2
AR_gpt-4o_12_52_1035,B2
AR_gpt-4o_12_52_1036,B2
AR_gpt-4o_12_52_1037,B2
AR_gpt-4o_12_52_1038,B2
AR_gpt-4o_12_52_1039,B2
AR_gpt-4o_12_52_1040,B2
AR_gpt-4o_15_53_1041,B1
AR_gpt-4o_15_53_1042,B1
AR_gpt-4o_15_53_1043,B1
AR_gpt-4o_15_53_1044,B1
AR_gpt-4o_15_53_1045,B1
AR_gpt-4o_15_53_1046,B1
AR_gpt-4o_15_53_1047,B1
AR_gpt-4o_15_53_1048,B1
AR_gpt-4o_15_53_1049,B1
AR_gpt-4o_15_53_1050,B1
AR_gpt-4o_15_53_1051,B2
AR_gpt-4o_15_53_1052,B2
AR_gpt-4o_15_53_1053,B2
AR_gpt-4o_15_53_1054,B2
AR_gpt-4o_15_53_1055,B2
AR_gpt-4o_15_53_1056,B2
AR_gpt-4o_15_53_1057,B2
AR_gpt-4o_15_53_1058,B2
AR_gpt-4o_15_53_1059,B2
AR_gpt-4o_15_53_1060,B2
AR_gpt-4o_7_54_1061,B1
AR_gpt-4o_7_54_1062,B1
AR_gpt-4o_7_54_1063,B1
AR_gpt-4o_7_54_1064,B1
AR_gpt-4o_7_54_1065,B1
AR_gpt-4o_7_54_1066,B1
AR_gpt-4o_7_54_1067,B1
AR_gpt-4o_7_54_1068,B1
AR_gpt-4o_7_54_1069,B1
AR_gpt-4o_7_54_1070,B1
AR_gpt-4o_7_54_1071,B2
AR_gpt-4o_7_54_1072,B2
AR_gpt-4o_7_54_1073,B2
AR_gpt-4o_7_54_1074,B2
AR_gpt-4o_7_54_1075,B2
AR_gpt-4o_7_54_1076,B2
AR_gpt-4o_7_54_1077,B2
AR_gpt-4o_7_54_1078,B2
AR_gpt-4o_7_54_1079,B2
AR_gpt-4o_7_54_1080,B2
AR_gpt-4o_14_55_1081,B1
AR_gpt-4o_14_55_1082,B1
AR_gpt-4o_14_55_1083,B1
AR_gpt-4o_14_55_1084,B1
AR_gpt-4o_14_55_1085,B1
AR_gpt-4o_14_55_1086,B1
AR_gpt-4o_14_55_1087,B1
AR_gpt-4o_14_55_1088,B1
AR_gpt-4o_14_55_1089,B1
AR_gpt-4o_14_55_1090,B1
AR_gpt-4o_14_55_1091,B2
AR_gpt-4o_14_55_1092,B2
AR_gpt-4o_14_55_1093,B2
AR_gpt-4o_14_55_1094,B2
AR_gpt-4o_14_55_1095,B2
AR_gpt-4o_14_55_1096,B2
AR_gpt-4o_14_55_1097,B2
AR_gpt-4o_14_55_1098,B2
AR_gpt-4o_14_55_1099,B2
AR_gpt-4o_14_55_1100,B2
AR_gpt-4o_6_56_1101,B1
AR_gpt-4o_6_56_1102,B1
AR_gpt-4o_6_56_1103,B1
AR_gpt-4o_6_56_1104,B1
AR_gpt-4o_6_56_1105,B1
AR_gpt-4o_6_56_1106,B1
AR_gpt-4o_6_56_1107,B1
AR_gpt-4o_6_56_1108,B1
AR_gpt-4o_6_56_1109,B1
AR_gpt-4o_6_56_1110,B1
AR_gpt-4o_6_56_1111,B2
AR_gpt-4o_6_56_1112,B2
AR_gpt-4o_6_56_1113,B2
AR_gpt-4o_6_56_1114,B2
AR_gpt-4o_6_56_1115,B2
AR_gpt-4o_6_56_1116,B2
AR_gpt-4o_6_56_1117,B2
AR_gpt-4o_6_56_1118,B2
AR_gpt-4o_6_56_1119,B2
AR_gpt-4o_6_56_1120,B2
AR_gpt-4o_6_57_1121,B1
AR_gpt-4o_6_57_1122,B1
AR_gpt-4o_6_57_1123,B1
AR_gpt-4o_6_57_1124,B1
AR_gpt-4o_6_57_1125,B1
AR_gpt-4o_6_57_1126,B1
AR_gpt-4o_6_57_1127,B1
AR_gpt-4o_6_57_1128,B1
AR_gpt-4o_6_57_1129,B1
AR_gpt-4o_6_57_1130,B1
AR_gpt-4o_6_57_1131,B2
AR_gpt-4o_6_57_1132,B2
AR_gpt-4o_6_57_1133,B2
AR_gpt-4o_6_57_1134,B2
AR_gpt-4o_6_57_1135,B2
AR_gpt-4o_6_57_1136,B2
AR_gpt-4o_6_57_1137,B2
AR_gpt-4o_6_57_1138,B2
AR_gpt-4o_6_57_1139,B2
AR_gpt-4o_6_57_1140,B2
AR_gpt-4o_8_58_1141,B1
AR_gpt-4o_8_58_1142,B1
AR_gpt-4o_8_58_1143,B1
AR_gpt-4o_8_58_1144,B1
AR_gpt-4o_8_58_1145,B1
AR_gpt-4o_8_58_1146,B1
AR_gpt-4o_8_58_1147,B1
AR_gpt-4o_8_58_1148,B1
AR_gpt-4o_8_58_1149,B1
AR_gpt-4o_8_58_1150,B1
AR_gpt-4o_8_58_1151,B2
AR_gpt-4o_8_58_1152,B2
AR_gpt-4o_8_58_1153,B2
AR_gpt-4o_8_58_1154,B2
AR_gpt-4o_8_58_1155,B2
AR_gpt-4o_8_58_1156,B2
AR_gpt-4o_8_58_1157,B2
AR_gpt-4o_8_58_1158,B2
AR_gpt-4o_8_58_1159,B2
AR_gpt-4o_8_58_1160,B2
AR_gpt-4o_17_59_1161,B1
AR_gpt-4o_17_59_1162,B1
AR_gpt-4o_17_59_1163,B1
AR_gpt-4o_17_59_1164,B1
AR_gpt-4o_17_59_1165,B1
AR_gpt-4o_17_59_1166,B1
AR_gpt-4o_17_59_1167,B1
AR_gpt-4o_17_59_1168,B1
AR_gpt-4o_17_59_1169,B1
AR_gpt-4o_17_59_1170,B1
AR_gpt-4o_17_59_1171,B2
AR_gpt-4o_17_59_1172,B2
AR_gpt-4o_17_59_1173,B2
AR_gpt-4o_17_59_1174,B2
AR_gpt-4o_17_59_1175,B2
AR_gpt-4o_17_59_1176,B2
AR_gpt-4o_17_59_1177,B2
AR_gpt-4o_17_59_1178,B2
AR_gpt-4o_17_59_1179,B2
AR_gpt-4o_17_59_1180,B2
AR_gpt-4o_13_60_1181,B1
AR_gpt-4o_13_60_1182,B1
AR_gpt-4o_13_60_1183,B1
AR_gpt-4o_13_60_1184,B1
AR_gpt-4o_13_60_1185,B1
AR_gpt-4o_13_60_1186,B1
AR_gpt-4o_13_60_1187,B1
AR_gpt-4o_13_60_1188,B1
AR_gpt-4o_13_60_1189,B1
AR_gpt-4o_13_60_1190,B1
AR_gpt-4o_13_60_1191,B2
AR_gpt-4o_13_60_1192,B2
AR_gpt-4o_13_60_1193,B2
AR_gpt-4o_13_60_1194,B2
AR_gpt-4o_13_60_1195,B2
AR_gpt-4o_13_60_1196,B2
AR_gpt-4o_13_60_1197,B2
AR_gpt-4o_13_60_1198,B2
AR_gpt-4o_13_60_1199,B2
AR_gpt-4o_13_60_1200,B2
AR_gpt-4o_6_61_1201,B1
AR_gpt-4o_6_61_1202,B1
AR_gpt-4o_6_61_1203,B1
AR_gpt-4o_6_61_1204,B1
AR_gpt-4o_6_61_1205,B1
AR_gpt-4o_6_61_1206,B1
AR_gpt-4o_6_61_1207,B1
AR_gpt-4o_6_61_1208,B1
AR_gpt-4o_6_61_1209,B1
AR_gpt-4o_6_61_1210,B1
AR_gpt-4o_6_61_1211,B2
AR_gpt-4o_6_61_1212,B2
AR_gpt-4o_6_61_1213,B2
AR_gpt-4o_6_61_1214,B2
AR_gpt-4o_6_61_1215,B2
AR_gpt-4o_6_61_1216,B2
AR_gpt-4o_6_61_1217,B2
AR_gpt-4o_6_61_1218,B2
AR_gpt-4o_6_61_1219,B2
AR_gpt-4o_6_61_1220,B2
AR_gpt-4o_7_62_1221,B1
AR_gpt-4o_7_62_1222,B1
AR_gpt-4o_7_62_1223,B1
AR_gpt-4o_7_62_1224,B1
AR_gpt-4o_7_62_1225,B1
AR_gpt-4o_7_62_1226,B1
AR_gpt-4o_7_62_1227,B1
AR_gpt-4o_7_62_1228,B1
AR_gpt-4o_7_62_1229,B1
AR_gpt-4o_7_62_1230,B1
AR_gpt-4o_7_62_1231,B2
AR_gpt-4o_7_62_1232,B2
AR_gpt-4o_7_62_1233,B2
AR_gpt-4o_7_62_1234,B2
AR_gpt-4o_7_62_1235,B2
AR_gpt-4o_7_62_1236,B2
AR_gpt-4o_7_62_1237,B2
AR_gpt-4o_7_62_1238,B2
AR_gpt-4o_7_62_1239,B2
AR_gpt-4o_7_62_1240,B2
AR_gpt-4o_15_63_1241,B1
AR_gpt-4o_15_63_1242,B1
AR_gpt-4o_15_63_1243,B1
AR_gpt-4o_15_63_1244,B1
AR_gpt-4o_15_63_1245,B1
AR_gpt-4o_15_63_1246,B1
AR_gpt-4o_15_63_1247,B1
AR_gpt-4o_15_63_1248,B1
AR_gpt-4o_15_63_1249,B1
AR_gpt-4o_15_63_1250,B1
AR_gpt-4o_15_63_1251,B2
AR_gpt-4o_15_63_1252,B2
AR_gpt-4o_15_63_1253,B2
AR_gpt-4o_15_63_1254,B2
AR_gpt-4o_15_63_1255,B2
AR_gpt-4o_15_63_1256,B2
AR_gpt-4o_15_63_1257,B2
AR_gpt-4o_15_63_1258,B2
AR_gpt-4o_15_63_1259,B2
AR_gpt-4o_15_63_1260,B2
AR_gpt-4o_15_64_1261,B1
AR_gpt-4o_15_64_1262,B1
AR_gpt-4o_15_64_1263,B1
AR_gpt-4o_15_64_1264,B1
AR_gpt-4o_15_64_1265,B1
AR_gpt-4o_15_64_1266,B1
AR_gpt-4o_15_64_1267,B1
AR_gpt-4o_15_64_1268,B1
AR_gpt-4o_15_64_1269,B1
AR_gpt-4o_15_64_1270,B1
AR_gpt-4o_15_64_1271,B2
AR_gpt-4o_15_64_1272,B2
AR_gpt-4o_15_64_1273,B2
AR_gpt-4o_15_64_1274,B2
AR_gpt-4o_15_64_1275,B2
AR_gpt-4o_15_64_1276,B2
AR_gpt-4o_15_64_1277,B2
AR_gpt-4o_15_64_1278,B2
AR_gpt-4o_15_64_1279,B2
AR_gpt-4o_15_64_1280,B2
AR_gpt-4o_7_65_1281,B1
AR_gpt-4o_7_65_1282,B1
AR_gpt-4o_7_65_1283,B1
AR_gpt-4o_7_65_1284,B1
AR_gpt-4o_7_65_1285,B1
AR_gpt-4o_7_65_1286,B1
AR_gpt-4o_7_65_1287,B1
AR_gpt-4o_7_65_1288,B1
AR_gpt-4o_7_65_1289,B1
AR_gpt-4o_7_65_1290,B1
AR_gpt-4o_7_65_1291,B2
AR_gpt-4o_7_65_1292,B2
AR_gpt-4o_7_65_1293,B2
AR_gpt-4o_7_65_1294,B2
AR_gpt-4o_7_65_1295,B2
AR_gpt-4o_7_65_1296,B2
AR_gpt-4o_7_65_1297,B2
AR_gpt-4o_7_65_1298,B2
AR_gpt-4o_7_65_1299,B2
AR_gpt-4o_7_65_1300,B2
AR_gpt-4o_4_66_1301,B1
AR_gpt-4o_4_66_1302,B1
AR_gpt-4o_4_66_1303,B1
AR_gpt-4o_4_66_1304,B1
AR_gpt-4o_4_66_1305,B1
AR_gpt-4o_4_66_1306,B1
AR_gpt-4o_4_66_1307,B1
AR_gpt-4o_4_66_1308,B1
AR_gpt-4o_4_66_1309,B1
AR_gpt-4o_4_66_1310,B1
AR_gpt-4o_4_66_1311,B2
AR_gpt-4o_4_66_1312,B2
AR_gpt-4o_4_66_1313,B2
AR_gpt-4o_4_66_1314,B2
AR_gpt-4o_4_66_1315,B2
AR_gpt-4o_4_66_1316,B2
AR_gpt-4o_4_66_1317,B2
AR_gpt-4o_4_66_1318,B2
AR_gpt-4o_4_66_1319,B2
AR_gpt-4o_4_66_1320,B2
AR_gpt-4o_4_67_1321,B1
AR_gpt-4o_4_67_1322,B1
AR_gpt-4o_4_67_1323,B1
AR_gpt-4o_4_67_1324,B1
AR_gpt-4o_4_67_1325,B1
AR_gpt-4o_4_67_1326,B1
AR_gpt-4o_4_67_1327,B1
AR_gpt-4o_4_67_1328,B1
AR_gpt-4o_4_67_1329,B1
AR_gpt-4o_4_67_1330,B1
AR_gpt-4o_4_67_1331,B2
AR_gpt-4o_4_67_1332,B2
AR_gpt-4o_4_67_1333,B2
AR_gpt-4o_4_67_1334,B2
AR_gpt-4o_4_67_1335,B2
AR_gpt-4o_4_67_1336,B2
AR_gpt-4o_4_67_1337,B2
AR_gpt-4o_4_67_1338,B2
AR_gpt-4o_4_67_1339,B2
AR_gpt-4o_4_67_1340,B2
AR_gpt-4o_7_68_1341,B1
AR_gpt-4o_7_68_1342,B1
AR_gpt-4o_7_68_1343,B1
AR_gpt-4o_7_68_1344,B1
AR_gpt-4o_7_68_1345,B1
AR_gpt-4o_7_68_1346,B1
AR_gpt-4o_7_68_1347,B1
AR_gpt-4o_7_68_1348,B1
AR_gpt-4o_7_68_1349,B1
AR_gpt-4o_7_68_1350,B1
AR_gpt-4o_7_68_1351,B2
AR_gpt-4o_7_68_1352,B2
AR_gpt-4o_7_68_1353,B2
AR_gpt-4o_7_68_1354,B2
AR_gpt-4o_7_68_1355,B2
AR_gpt-4o_7_68_1356,B2
AR_gpt-4o_7_68_1357,B2
AR_gpt-4o_7_68_1358,B2
AR_gpt-4o_7_68_1359,B2
AR_gpt-4o_7_68_1360,B2
AR_gpt-4o_15_69_1361,B1
AR_gpt-4o_15_69_1362,B1
AR_gpt-4o_15_69_1363,B1
AR_gpt-4o_15_69_1364,B1
AR_gpt-4o_15_69_1365,B1
AR_gpt-4o_15_69_1366,B1
AR_gpt-4o_15_69_1367,B1
AR_gpt-4o_15_69_1368,B1
AR_gpt-4o_15_69_1369,B1
AR_gpt-4o_15_69_1370,B1
AR_gpt-4o_15_69_1371,B2
AR_gpt-4o_15_69_1372,B2
AR_gpt-4o_15_69_1373,B2
AR_gpt-4o_15_69_1374,B2
AR_gpt-4o_15_69_1375,B2
AR_gpt-4o_15_69_1376,B2
AR_gpt-4o_15_69_1377,B2
AR_gpt-4o_15_69_1378,B2
AR_gpt-4o_15_69_1379,B2
AR_gpt-4o_15_69_1380,B2
AR_gpt-4o_6_70_1381,B1
AR_gpt-4o_6_70_1382,B1
AR_gpt-4o_6_70_1383,B1
AR_gpt-4o_6_70_1384,B1
AR_gpt-4o_6_70_1385,B1
AR_gpt-4o_6_70_1386,B1
AR_gpt-4o_6_70_1387,B1
AR_gpt-4o_6_70_1388,B1
AR_gpt-4o_6_70_1389,B1
AR_gpt-4o_6_70_1390,B1
AR_gpt-4o_6_70_1391,B2
AR_gpt-4o_6_70_1392,B2
AR_gpt-4o_6_70_1393,B2
AR_gpt-4o_6_70_1394,B2
AR_gpt-4o_6_70_1395,B2
AR_gpt-4o_6_70_1396,B2
AR_gpt-4o_6_70_1397,B2
AR_gpt-4o_6_70_1398,B2
AR_gpt-4o_6_70_1399,B2
AR_gpt-4o_6_70_1400,B2
AR_gpt-4o_10_71_1401,B1
AR_gpt-4o_10_71_1402,B1
AR_gpt-4o_10_71_1403,B1
AR_gpt-4o_10_71_1404,B1
AR_gpt-4o_10_71_1405,B1
AR_gpt-4o_10_71_1406,B1
AR_gpt-4o_10_71_1407,B1
AR_gpt-4o_10_71_1408,B1
AR_gpt-4o_10_71_1409,B1
AR_gpt-4o_10_71_1410,B1
AR_gpt-4o_10_71_1411,B2
AR_gpt-4o_10_71_1412,B2
AR_gpt-4o_10_71_1413,B2
AR_gpt-4o_10_71_1414,B2
AR_gpt-4o_10_71_1415,B2
AR_gpt-4o_10_71_1416,B2
AR_gpt-4o_10_71_1417,B2
AR_gpt-4o_10_71_1418,B2
AR_gpt-4o_10_71_1419,B2
AR_gpt-4o_10_71_1420,B2
AR_gpt-4o_6_72_1421,B1
AR_gpt-4o_6_72_1422,B1
AR_gpt-4o_6_72_1423,B1
AR_gpt-4o_6_72_1424,B1
AR_gpt-4o_6_72_1425,B1
AR_gpt-4o_6_72_1426,B1
AR_gpt-4o_6_72_1427,B1
AR_gpt-4o_6_72_1428,B1
AR_gpt-4o_6_72_1429,B1
AR_gpt-4o_6_72_1430,B1
AR_gpt-4o_6_72_1431,B2
AR_gpt-4o_6_72_1432,B2
AR_gpt-4o_6_72_1433,B2
AR_gpt-4o_6_72_1434,B2
AR_gpt-4o_6_72_1435,B2
AR_gpt-4o_6_72_1436,B2
AR_gpt-4o_6_72_1437,B2
AR_gpt-4o_6_72_1438,B2
AR_gpt-4o_6_72_1439,B2
AR_gpt-4o_6_72_1440,B2
AR_gpt-4o_14_73_1441,B1
AR_gpt-4o_14_73_1442,B1
AR_gpt-4o_14_73_1443,B1
AR_gpt-4o_14_73_1444,B1
AR_gpt-4o_14_73_1445,B1
AR_gpt-4o_14_73_1446,B1
AR_gpt-4o_14_73_1447,B1
AR_gpt-4o_14_73_1448,B1
AR_gpt-4o_14_73_1449,B1
AR_gpt-4o_14_73_1450,B1
AR_gpt-4o_14_73_1451,B2
AR_gpt-4o_14_73_1452,B2
AR_gpt-4o_14_73_1453,B2
AR_gpt-4o_14_73_1454,B2
AR_gpt-4o_14_73_1455,B2
AR_gpt-4o_14_73_1456,B2
AR_gpt-4o_14_73_1457,B2
AR_gpt-4o_14_73_1458,B2
AR_gpt-4o_14_73_1459,B2
AR_gpt-4o_14_73_1460,B2
AR_gpt-4o_6_74_1461,B1
AR_gpt-4o_6_74_1462,B1
AR_gpt-4o_6_74_1463,B1
AR_gpt-4o_6_74_1464,B1
AR_gpt-4o_6_74_1465,B1
AR_gpt-4o_6_74_1466,B1
AR_gpt-4o_6_74_1467,B1
AR_gpt-4o_6_74_1468,B1
AR_gpt-4o_6_74_1469,B1
AR_gpt-4o_6_74_1470,B1
AR_gpt-4o_6_74_1471,B2
AR_gpt-4o_6_74_1472,B2
AR_gpt-4o_6_74_1473,B2
AR_gpt-4o_6_74_1474,B2
AR_gpt-4o_6_74_1475,B2
AR_gpt-4o_6_74_1476,B2
AR_gpt-4o_6_74_1477,B2
AR_gpt-4o_6_74_1478,B2
AR_gpt-4o_6_74_1479,B2
AR_gpt-4o_6_74_1480,B2
AR_gpt-4o_17_75_1481,B1
AR_gpt-4o_17_75_1482,B1
AR_gpt-4o_17_75_1483,B1
AR_gpt-4o_17_75_1484,B1
AR_gpt-4o_17_75_1485,B1
AR_gpt-4o_17_75_1486,B1
AR_gpt-4o_17_75_1487,B1
AR_gpt-4o_17_75_1488,B1
AR_gpt-4o_17_75_1489,B1
AR_gpt-4o_17_75_1490,B1
AR_gpt-4o_17_75_1491,B2
AR_gpt-4o_17_75_1492,B2
AR_gpt-4o_17_75_1493,B2
AR_gpt-4o_17_75_1494,B2
AR_gpt-4o_17_75_1495,B2
AR_gpt-4o_17_75_1496,B2
AR_gpt-4o_17_75_1497,B2
AR_gpt-4o_17_75_1498,B2
AR_gpt-4o_17_75_1499,B2
AR_gpt-4o_17_75_1500,B2
AR_gpt-4o_17_76_1501,B1
AR_gpt-4o_17_76_1502,B1
AR_gpt-4o_17_76_1503,B1
AR_gpt-4o_17_76_1504,B1
AR_gpt-4o_17_76_1505,B1
AR_gpt-4o_17_76_1506,B1
AR_gpt-4o_17_76_1507,B1
AR_gpt-4o_17_76_1508,B1
AR_gpt-4o_17_76_1509,B1
AR_gpt-4o_17_76_1510,B1
AR_gpt-4o_17_76_1511,B2
AR_gpt-4o_17_76_1512,B2
AR_gpt-4o_17_76_1513,B2
AR_gpt-4o_17_76_1514,B2
AR_gpt-4o_17_76_1515,B2
AR_gpt-4o_17_76_1516,B2
AR_gpt-4o_17_76_1517,B2
AR_gpt-4o_17_76_1518,B2
AR_gpt-4o_17_76_1519,B2
AR_gpt-4o_17_76_1520,B2
AR_gpt-4o_15_77_1521,B1
AR_gpt-4o_15_77_1522,B1
AR_gpt-4o_15_77_1523,B1
AR_gpt-4o_15_77_1524,B1
AR_gpt-4o_15_77_1525,B1
AR_gpt-4o_15_77_1526,B1
AR_gpt-4o_15_77_1527,B1
AR_gpt-4o_15_77_1528,B1
AR_gpt-4o_15_77_1529,B1
AR_gpt-4o_15_77_1530,B1
AR_gpt-4o_15_77_1531,B2
AR_gpt-4o_15_77_1532,B2
AR_gpt-4o_15_77_1533,B2
AR_gpt-4o_15_77_1534,B2
AR_gpt-4o_15_77_1535,B2
AR_gpt-4o_15_77_1536,B2
AR_gpt-4o_15_77_1537,B2
AR_gpt-4o_15_77_1538,B2
AR_gpt-4o_15_77_1539,B2
AR_gpt-4o_15_77_1540,B2
AR_gpt-4o_12_78_1541,B1
AR_gpt-4o_12_78_1542,B1
AR_gpt-4o_12_78_1543,B1
AR_gpt-4o_12_78_1544,B1
AR_gpt-4o_12_78_1545,B1
AR_gpt-4o_12_78_1546,B1
AR_gpt-4o_12_78_1547,B1
AR_gpt-4o_12_78_1548,B1
AR_gpt-4o_12_78_1549,B1
AR_gpt-4o_12_78_1550,B1
AR_gpt-4o_12_78_1551,B2
AR_gpt-4o_12_78_1552,B2
AR_gpt-4o_12_78_1553,B2
AR_gpt-4o_12_78_1554,B2
AR_gpt-4o_12_78_1555,B2
AR_gpt-4o_12_78_1556,B2
AR_gpt-4o_12_78_1557,B2
AR_gpt-4o_12_78_1558,B2
AR_gpt-4o_12_78_1559,B2
AR_gpt-4o_12_78_1560,B2
AR_gpt-4o_8_79_1561,B1
AR_gpt-4o_8_79_1562,B1
AR_gpt-4o_8_79_1563,B1
AR_gpt-4o_8_79_1564,B1
AR_gpt-4o_8_79_1565,B1
AR_gpt-4o_8_79_1566,B1
AR_gpt-4o_8_79_1567,B1
AR_gpt-4o_8_79_1568,B1
AR_gpt-4o_8_79_1569,B1
AR_gpt-4o_8_79_1570,B1
AR_gpt-4o_8_79_1571,B2
AR_gpt-4o_8_79_1572,B2
AR_gpt-4o_8_79_1573,B2
AR_gpt-4o_8_79_1574,B2
AR_gpt-4o_8_79_1575,B2
AR_gpt-4o_8_79_1576,B2
AR_gpt-4o_8_79_1577,B2
AR_gpt-4o_8_79_1578,B2
AR_gpt-4o_8_79_1579,B2
AR_gpt-4o_8_79_1580,B2
AR_gpt-4o_6_80_1581,B1
AR_gpt-4o_6_80_1582,B1
AR_gpt-4o_6_80_1583,B1
AR_gpt-4o_6_80_1584,B1
AR_gpt-4o_6_80_1585,B1
AR_gpt-4o_6_80_1586,B1
AR_gpt-4o_6_80_1587,B1
AR_gpt-4o_6_80_1588,B1
AR_gpt-4o_6_80_1589,B1
AR_gpt-4o_6_80_1590,B1
AR_gpt-4o_6_80_1591,B2
AR_gpt-4o_6_80_1592,B2
AR_gpt-4o_6_80_1593,B2
AR_gpt-4o_6_80_1594,B2
AR_gpt-4o_6_80_1595,B2
AR_gpt-4o_6_80_1596,B2
AR_gpt-4o_6_80_1597,B2
AR_gpt-4o_6_80_1598,B2
AR_gpt-4o_6_80_1599,B2
AR_gpt-4o_6_80_1600,B2
AR_gpt-4o_13_81_1601,B1
AR_gpt-4o_13_81_1602,B1
AR_gpt-4o_13_81_1603,B1
AR_gpt-4o_13_81_1604,B1
AR_gpt-4o_13_81_1605,B1
AR_gpt-4o_13_81_1606,B1
AR_gpt-4o_13_81_1607,B1
AR_gpt-4o_13_81_1608,B1
AR_gpt-4o_13_81_1609,B1
AR_gpt-4o_13_81_1610,B1
AR_gpt-4o_13_81_1611,B2
AR_gpt-4o_13_81_1612,B2
AR_gpt-4o_13_81_1613,B2
AR_gpt-4o_13_81_1614,B2
AR_gpt-4o_13_81_1615,B2
AR_gpt-4o_13_81_1616,B2
AR_gpt-4o_13_81_1617,B2
AR_gpt-4o_13_81_1618,B2
AR_gpt-4o_13_81_1619,B2
AR_gpt-4o_13_81_1620,B2
AR_gpt-4o_13_82_1621,B1
AR_gpt-4o_13_82_1622,B1
AR_gpt-4o_13_82_1623,B1
AR_gpt-4o_13_82_1624,B1
AR_gpt-4o_13_82_1625,B1
AR_gpt-4o_13_82_1626,B1
AR_gpt-4o_13_82_1627,B1
AR_gpt-4o_13_82_1628,B1
AR_gpt-4o_13_82_1629,B1
AR_gpt-4o_13_82_1630,B1
AR_gpt-4o_13_82_1631,B2
AR_gpt-4o_13_82_1632,B2
AR_gpt-4o_13_82_1633,B2
AR_gpt-4o_13_82_1634,B2
AR_gpt-4o_13_82_1635,B2
AR_gpt-4o_13_82_1636,B2
AR_gpt-4o_13_82_1637,B2
AR_gpt-4o_13_82_1638,B2
AR_gpt-4o_13_82_1639,B2
AR_gpt-4o_13_82_1640,B2
AR_gpt-4o_16_83_1641,B1
AR_gpt-4o_16_83_1642,B1
AR_gpt-4o_16_83_1643,B1
AR_gpt-4o_16_83_1644,B1
AR_gpt-4o_16_83_1645,B1
AR_gpt-4o_16_83_1646,B1
AR_gpt-4o_16_83_1647,B1
AR_gpt-4o_16_83_1648,B1
AR_gpt-4o_16_83_1649,B1
AR_gpt-4o_16_83_1650,B1
AR_gpt-4o_16_83_1651,B2
AR_gpt-4o_16_83_1652,B2
AR_gpt-4o_16_83_1653,B2
AR_gpt-4o_16_83_1654,B2
AR_gpt-4o_16_83_1655,B2
AR_gpt-4o_16_83_1656,B2
AR_gpt-4o_16_83_1657,B2
AR_gpt-4o_16_83_1658,B2
AR_gpt-4o_16_83_1659,B2
AR_gpt-4o_16_83_1660,B2
AR_gpt-4o_16_84_1661,B1
AR_gpt-4o_16_84_1662,B1
AR_gpt-4o_16_84_1663,B1
AR_gpt-4o_16_84_1664,B1
AR_gpt-4o_16_84_1665,B1
AR_gpt-4o_16_84_1666,B1
AR_gpt-4o_16_84_1667,B1
AR_gpt-4o_16_84_1668,B1
AR_gpt-4o_16_84_1669,B1
AR_gpt-4o_16_84_1670,B1
AR_gpt-4o_16_84_1671,B2
AR_gpt-4o_16_84_1672,B2
AR_gpt-4o_16_84_1673,B2
AR_gpt-4o_16_84_1674,B2
AR_gpt-4o_16_84_1675,B2
AR_gpt-4o_16_84_1676,B2
AR_gpt-4o_16_84_1677,B2
AR_gpt-4o_16_84_1678,B2
AR_gpt-4o_16_84_1679,B2
AR_gpt-4o_16_84_1680,B2
AR_gpt-4o_9_85_1681,B1
AR_gpt-4o_9_85_1682,B1
AR_gpt-4o_9_85_1683,B1
AR_gpt-4o_9_85_1684,B1
AR_gpt-4o_9_85_1685,B1
AR_gpt-4o_9_85_1686,B1
AR_gpt-4o_9_85_1687,B1
AR_gpt-4o_9_85_1688,B1
AR_gpt-4o_9_85_1689,B1
AR_gpt-4o_9_85_1690,B1
AR_gpt-4o_9_85_1691,B2
AR_gpt-4o_9_85_1692,B2
AR_gpt-4o_9_85_1693,B2
AR_gpt-4o_9_85_1694,B2
AR_gpt-4o_9_85_1695,B2
AR_gpt-4o_9_85_1696,B2
AR_gpt-4o_9_85_1697,B2
AR_gpt-4o_9_85_1698,B2
AR_gpt-4o_9_85_1699,B2
AR_gpt-4o_9_85_1700,B2
AR_gpt-4o_9_86_1701,B1
AR_gpt-4o_9_86_1702,B1
AR_gpt-4o_9_86_1703,B1
AR_gpt-4o_9_86_1704,B1
AR_gpt-4o_9_86_1705,B1
AR_gpt-4o_9_86_1706,B1
AR_gpt-4o_9_86_1707,B1
AR_gpt-4o_9_86_1708,B1
AR_gpt-4o_9_86_1709,B1
AR_gpt-4o_9_86_1710,B1
AR_gpt-4o_9_86_1711,B2
AR_gpt-4o_9_86_1712,B2
AR_gpt-4o_9_86_1713,B2
AR_gpt-4o_9_86_1714,B2
AR_gpt-4o_9_86_1715,B2
AR_gpt-4o_9_86_1716,B2
AR_gpt-4o_9_86_1717,B2
AR_gpt-4o_9_86_1718,B2
AR_gpt-4o_9_86_1719,B2
AR_gpt-4o_9_86_1720,B2
AR_gpt-4o_1_87_1721,B1
AR_gpt-4o_1_87_1722,B1
AR_gpt-4o_1_87_1723,B1
AR_gpt-4o_1_87_1724,B1
AR_gpt-4o_1_87_1725,B1
AR_gpt-4o_1_87_1726,B1
AR_gpt-4o_1_87_1727,B1
AR_gpt-4o_1_87_1728,B1
AR_gpt-4o_1_87_1729,B1
AR_gpt-4o_1_87_1730,B1
AR_gpt-4o_1_87_1731,B2
AR_gpt-4o_1_87_1732,B2
AR_gpt-4o_1_87_1733,B2
AR_gpt-4o_1_87_1734,B2
AR_gpt-4o_1_87_1735,B2
AR_gpt-4o_1_87_1736,B2
AR_gpt-4o_1_87_1737,B2
AR_gpt-4o_1_87_1738,B2
AR_gpt-4o_1_87_1739,B2
AR_gpt-4o_1_87_1740,B2
AR_gpt-4o_1_88_1741,B1
AR_gpt-4o_1_88_1742,B1
AR_gpt-4o_1_88_1743,B1
AR_gpt-4o_1_88_1744,B1
AR_gpt-4o_1_88_1745,B1
AR_gpt-4o_1_88_1746,B1
AR_gpt-4o_1_88_1747,B1
AR_gpt-4o_1_88_1748,B1
AR_gpt-4o_1_88_1749,B1
AR_gpt-4o_1_88_1750,B1
AR_gpt-4o_1_88_1751,B2
AR_gpt-4o_1_88_1752,B2
AR_gpt-4o_1_88_1753,B2
AR_gpt-4o_1_88_1754,B2
AR_gpt-4o_1_88_1755,B2
AR_gpt-4o_1_88_1756,B2
AR_gpt-4o_1_88_1757,B2
AR_gpt-4o_1_88_1758,B2
AR_gpt-4o_1_88_1759,B2
AR_gpt-4o_1_88_1760,B2
AR_gpt-4o_5_89_1761,B1
AR_gpt-4o_5_89_1762,B1
AR_gpt-4o_5_89_1763,B1
AR_gpt-4o_5_89_1764,B1
AR_gpt-4o_5_89_1765,B1
AR_gpt-4o_5_89_1766,B1
AR_gpt-4o_5_89_1767,B1
AR_gpt-4o_5_89_1768,B1
AR_gpt-4o_5_89_1769,B1
AR_gpt-4o_5_89_1770,B1
AR_gpt-4o_5_89_1771,B2
AR_gpt-4o_5_89_1772,B2
AR_gpt-4o_5_89_1773,B2
AR_gpt-4o_5_89_1774,B2
AR_gpt-4o_5_89_1775,B2
AR_gpt-4o_5_89_1776,B2
AR_gpt-4o_5_89_1777,B2
AR_gpt-4o_5_89_1778,B2
AR_gpt-4o_5_89_1779,B2
AR_gpt-4o_5_89_1780,B2
AR_gpt-4o_5_90_1781,B1
AR_gpt-4o_5_90_1782,B1
AR_gpt-4o_5_90_1783,B1
AR_gpt-4o_5_90_1784,B1
AR_gpt-4o_5_90_1785,B1
AR_gpt-4o_5_90_1786,B1
AR_gpt-4o_5_90_1787,B1
AR_gpt-4o_5_90_1788,B1
AR_gpt-4o_5_90_1789,B1
AR_gpt-4o_5_90_1790,B1
AR_gpt-4o_5_90_1791,B2
AR_gpt-4o_5_90_1792,B2
AR_gpt-4o_5_90_1793,B2
AR_gpt-4o_5_90_1794,B2
AR_gpt-4o_5_90_1795,B2
AR_gpt-4o_5_90_1796,B2
AR_gpt-4o_5_90_1797,B2
AR_gpt-4o_5_90_1798,B2
AR_gpt-4o_5_90_1799,B2
AR_gpt-4o_5_90_1800,B2
AR_gpt-4o_3_91_1801,B1
AR_gpt-4o_3_91_1802,B1
AR_gpt-4o_3_91_1803,B1
AR_gpt-4o_3_91_1804,B1
AR_gpt-4o_3_91_1805,B1
AR_gpt-4o_3_91_1806,B1
AR_gpt-4o_3_91_1807,B1
AR_gpt-4o_3_91_1808,B1
AR_gpt-4o_3_91_1809,B1
AR_gpt-4o_3_91_1810,B1
AR_gpt-4o_3_91_1811,B2
AR_gpt-4o_3_91_1812,B2
AR_gpt-4o_3_91_1813,B2
AR_gpt-4o_3_91_1814,B2
AR_gpt-4o_3_91_1815,B2
AR_gpt-4o_3_91_1816,B2
AR_gpt-4o_3_91_1817,B2
AR_gpt-4o_3_91_1818,B2
AR_gpt-4o_3_91_1819,B2
AR_gpt-4o_3_91_1820,B2
AR_gpt-4o_3_92_1821,B1
AR_gpt-4o_3_92_1822,B1
AR_gpt-4o_3_92_1823,B1
AR_gpt-4o_3_92_1824,B1
AR_gpt-4o_3_92_1825,B1
AR_gpt-4o_3_92_1826,B1
AR_gpt-4o_3_92_1827,B1
AR_gpt-4o_3_92_1828,B1
AR_gpt-4o_3_92_1829,B1
AR_gpt-4o_3_92_1830,B1
AR_gpt-4o_3_92_1831,B2
AR_gpt-4o_3_92_1832,B2
AR_gpt-4o_3_92_1833,B2
AR_gpt-4o_3_92_1834,B2
AR_gpt-4o_3_92_1835,B2
AR_gpt-4o_3_92_1836,B2
AR_gpt-4o_3_92_1837,B2
AR_gpt-4o_3_92_1838,B2
AR_gpt-4o_3_92_1839,B2
AR_gpt-4o_3_92_1840,B2
AR_gpt-4o_11_93_1841,B1
AR_gpt-4o_11_93_1842,B1
AR_gpt-4o_11_93_1843,B1
AR_gpt-4o_11_93_1844,B1
AR_gpt-4o_11_93_1845,B1
AR_gpt-4o_11_93_1846,B1
AR_gpt-4o_11_93_1847,B1
AR_gpt-4o_11_93_1848,B1
AR_gpt-4o_11_93_1849,B1
AR_gpt-4o_11_93_1850,B1
AR_gpt-4o_11_93_1851,B2
AR_gpt-4o_11_93_1852,B2
AR_gpt-4o_11_93_1853,B2
AR_gpt-4o_11_93_1854,B2
AR_gpt-4o_11_93_1855,B2
AR_gpt-4o_11_93_1856,B2
AR_gpt-4o_11_93_1857,B2
AR_gpt-4o_11_93_1858,B2
AR_gpt-4o_11_93_1859,B2
AR_gpt-4o_11_93_1860,B2
AR_gpt-4o_11_94_1861,B1
AR_gpt-4o_11_94_1862,B1
AR_gpt-4o_11_94_1863,B1
AR_gpt-4o_11_94_1864,B1
AR_gpt-4o_11_94_1865,B1
AR_gpt-4o_11_94_1866,B1
AR_gpt-4o_11_94_1867,B1
AR_gpt-4o_11_94_1868,B1
AR_gpt-4o_11_94_1869,B1
AR_gpt-4o_11_94_1870,B1
AR_gpt-4o_11_94_1871,B2
AR_gpt-4o_11_94_1872,B2
AR_gpt-4o_11_94_1873,B2
AR_gpt-4o_11_94_1874,B2
AR_gpt-4o_11_94_1875,B2
AR_gpt-4o_11_94_1876,B2
AR_gpt-4o_11_94_1877,B2
AR_gpt-4o_11_94_1878,B2
AR_gpt-4o_11_94_1879,B2
AR_gpt-4o_11_94_1880,B2
AR_gpt-4o_2_95_1881,B1
AR_gpt-4o_2_95_1882,B1
AR_gpt-4o_2_95_1883,B1
AR_gpt-4o_2_95_1884,B1
AR_gpt-4o_2_95_1885,B1
AR_gpt-4o_2_95_1886,B1
AR_gpt-4o_2_95_1887,B1
AR_gpt-4o_2_95_1888,B1
AR_gpt-4o_2_95_1889,B1
AR_gpt-4o_2_95_1890,B1
AR_gpt-4o_2_95_1891,B2
AR_gpt-4o_2_95_1892,B2
AR_gpt-4o_2_95_1893,B2
AR_gpt-4o_2_95_1894,B2
AR_gpt-4o_2_95_1895,B2
AR_gpt-4o_2_95_1896,B2
AR_gpt-4o_2_95_1897,B2
AR_gpt-4o_2_95_1898,B2
AR_gpt-4o_2_95_1899,B2
AR_gpt-4o_2_95_1900,B2
AR_gpt-4o_2_96_1901,B1
AR_gpt-4o_2_96_1902,B1
AR_gpt-4o_2_96_1903,B1
AR_gpt-4o_2_96_1904,B1
AR_gpt-4o_2_96_1905,B1
AR_gpt-4o_2_96_1906,B1
AR_gpt-4o_2_96_1907,B1
AR_gpt-4o_2_96_1908,B1
AR_gpt-4o_2_96_1909,B1
AR_gpt-4o_2_96_1910,B1
AR_gpt-4o_2_96_1911,B2
AR_gpt-4o_2_96_1912,B2
AR_gpt-4o_2_96_1913,B2
AR_gpt-4o_2_96_1914,B2
AR_gpt-4o_2_96_1915,B2
AR_gpt-4o_2_96_1916,B2
AR_gpt-4o_2_96_1917,B2
AR_gpt-4o_2_96_1918,B2
AR_gpt-4o_2_96_1919,B2
AR_gpt-4o_2_96_1920,B2
AR_gpt-4o_15_97_1921,B1
AR_gpt-4o_15_97_1922,B1
AR_gpt-4o_15_97_1923,B1
AR_gpt-4o_15_97_1924,B1
AR_gpt-4o_15_97_1925,B1
AR_gpt-4o_15_97_1926,B1
AR_gpt-4o_15_97_1927,B1
AR_gpt-4o_15_97_1928,B1
AR_gpt-4o_15_97_1929,B1
AR_gpt-4o_15_97_1930,B1
AR_gpt-4o_15_97_1931,B2
AR_gpt-4o_15_97_1932,B2
AR_gpt-4o_15_97_1933,B2
AR_gpt-4o_15_97_1934,B2
AR_gpt-4o_15_97_1935,B2
AR_gpt-4o_15_97_1936,B2
AR_gpt-4o_15_97_1937,B2
AR_gpt-4o_15_97_1938,B2
AR_gpt-4o_15_97_1939,B2
AR_gpt-4o_15_97_1940,B2
AR_gpt-4o_15_98_1941,B1
AR_gpt-4o_15_98_1942,B1
AR_gpt-4o_15_98_1943,B1
AR_gpt-4o_15_98_1944,B1
AR_gpt-4o_15_98_1945,B1
AR_gpt-4o_15_98_1946,B1
AR_gpt-4o_15_98_1947,B1
AR_gpt-4o_15_98_1948,B1
AR_gpt-4o_15_98_1949,B1
AR_gpt-4o_15_98_1950,B1
AR_gpt-4o_15_98_1951,B2
AR_gpt-4o_15_98_1952,B2
AR_gpt-4o_15_98_1953,B2
AR_gpt-4o_15_98_1954,B2
AR_gpt-4o_15_98_1955,B2
AR_gpt-4o_15_98_1956,B2
AR_gpt-4o_15_98_1957,B2
AR_gpt-4o_15_98_1958,B2
AR_gpt-4o_15_98_1959,B2
AR_gpt-4o_15_98_1960,B2
AR_gpt-4o_17_99_1961,B1
AR_gpt-4o_17_99_1962,B1
AR_gpt-4o_17_99_1963,B1
AR_gpt-4o_17_99_1964,B1
AR_gpt-4o_17_99_1965,B1
AR_gpt-4o_17_99_1966,B1
AR_gpt-4o_17_99_1967,B1
AR_gpt-4o_17_99_1968,B1
AR_gpt-4o_17_99_1969,B1
AR_gpt-4o_17_99_1970,B1
AR_gpt-4o_17_99_1971,B2
AR_gpt-4o_17_99_1972,B2
AR_gpt-4o_17_99_1973,B2
AR_gpt-4o_17_99_1974,B2
AR_gpt-4o_17_99_1975,B2
AR_gpt-4o_17_99_1976,B2
AR_gpt-4o_17_99_1977,B2
AR_gpt-4o_17_99_1978,B2
AR_gpt-4o_17_99_1979,B2
AR_gpt-4o_17_99_1980,B2
AR_gpt-4o_7_100_1981,B1
AR_gpt-4o_7_100_1982,B1
AR_gpt-4o_7_100_1983,B1
AR_gpt-4o_7_100_1984,B1
AR_gpt-4o_7_100_1985,B1
AR_gpt-4o_7_100_1986,B1
AR_gpt-4o_7_100_1987,B1
AR_gpt-4o_7_100_1988,B1
AR_gpt-4o_7_100_1989,B1
AR_gpt-4o_7_100_1990,B1
AR_gpt-4o_7_100_1991,B2
AR_gpt-4o_7_100_1992,B2
AR_gpt-4o_7_100_1993,B2
AR_gpt-4o_7_100_1994,B2
AR_gpt-4o_7_100_1995,B2
AR_gpt-4o_7_100_1996,B2
AR_gpt-4o_7_100_1997,B2
AR_gpt-4o_7_100_1998,B2
AR_gpt-4o_7_100_1999,B2
AR_gpt-4o_7_100_2000,B2
AR_gpt-4o_15_101_2001,C1
AR_gpt-4o_15_101_2002,C1
AR_gpt-4o_15_101_2003,C1
AR_gpt-4o_15_101_2004,C1
AR_gpt-4o_15_101_2005,C1
AR_gpt-4o_15_101_2006,C1
AR_gpt-4o_15_101_2007,C1
AR_gpt-4o_15_101_2008,C1
AR_gpt-4o_15_101_2009,C1
AR_gpt-4o_15_101_2010,C1
AR_gpt-4o_15_101_2011,C2
AR_gpt-4o_15_101_2012,C2
AR_gpt-4o_15_101_2013,C2
AR_gpt-4o_15_101_2014,C2
AR_gpt-4o_15_101_2015,C2
AR_gpt-4o_15_101_2016,C2
AR_gpt-4o_15_101_2017,C2
AR_gpt-4o_15_101_2018,C2
AR_gpt-4o_15_101_2019,C2
AR_gpt-4o_15_101_2020,C2
AR_gpt-4o_7_102_2021,C1
AR_gpt-4o_7_102_2022,C1
AR_gpt-4o_7_102_2023,C1
AR_gpt-4o_7_102_2024,C1
AR_gpt-4o_7_102_2025,C1
AR_gpt-4o_7_102_2026,C1
AR_gpt-4o_7_102_2027,C1
AR_gpt-4o_7_102_2028,C1
AR_gpt-4o_7_102_2029,C1
AR_gpt-4o_7_102_2030,C1
AR_gpt-4o_7_102_2031,C2
AR_gpt-4o_7_102_2032,C2
AR_gpt-4o_7_102_2033,C2
AR_gpt-4o_7_102_2034,C2
AR_gpt-4o_7_102_2035,C2
AR_gpt-4o_7_102_2036,C2
AR_gpt-4o_7_102_2037,C2
AR_gpt-4o_7_102_2038,C2
AR_gpt-4o_7_102_2039,C2
AR_gpt-4o_7_102_2040,C2
AR_gpt-4o_12_103_2041,C1
AR_gpt-4o_12_103_2042,C1
AR_gpt-4o_12_103_2043,C1
AR_gpt-4o_12_103_2044,C1
AR_gpt-4o_12_103_2045,C1
AR_gpt-4o_12_103_2046,C1
AR_gpt-4o_12_103_2047,C1
AR_gpt-4o_12_103_2048,C1
AR_gpt-4o_12_103_2049,C1
AR_gpt-4o_12_103_2050,C1
AR_gpt-4o_12_103_2051,C2
AR_gpt-4o_12_103_2052,C2
AR_gpt-4o_12_103_2053,C2
AR_gpt-4o_12_103_2054,C2
AR_gpt-4o_12_103_2055,C2
AR_gpt-4o_12_103_2056,C2
AR_gpt-4o_12_103_2057,C2
AR_gpt-4o_12_103_2058,C2
AR_gpt-4o_12_103_2059,C2
AR_gpt-4o_12_103_2060,C2
AR_gpt-4o_6_104_2061,C1
AR_gpt-4o_6_104_2062,C1
AR_gpt-4o_6_104_2063,C1
AR_gpt-4o_6_104_2064,C1
AR_gpt-4o_6_104_2065,C1
AR_gpt-4o_6_104_2066,C1
AR_gpt-4o_6_104_2067,C1
AR_gpt-4o_6_104_2068,C1
AR_gpt-4o_6_104_2069,C1
AR_gpt-4o_6_104_2070,C1
AR_gpt-4o_6_104_2071,C2
AR_gpt-4o_6_104_2072,C2
AR_gpt-4o_6_104_2073,C2
AR_gpt-4o_6_104_2074,C2
AR_gpt-4o_6_104_2075,C2
AR_gpt-4o_6_104_2076,C2
AR_gpt-4o_6_104_2077,C2
AR_gpt-4o_6_104_2078,C2
AR_gpt-4o_6_104_2079,C2
AR_gpt-4o_6_104_2080,C2
AR_gpt-4o_7_105_2081,C1
AR_gpt-4o_7_105_2082,C1
AR_gpt-4o_7_105_2083,C1
AR_gpt-4o_7_105_2084,C1
AR_gpt-4o_7_105_2085,C1
AR_gpt-4o_7_105_2086,C1
AR_gpt-4o_7_105_2087,C1
AR_gpt-4o_7_105_2088,C1
AR_gpt-4o_7_105_2089,C1
AR_gpt-4o_7_105_2090,C1
AR_gpt-4o_7_105_2091,C2
AR_gpt-4o_7_105_2092,C2
AR_gpt-4o_7_105_2093,C2
AR_gpt-4o_7_105_2094,C2
AR_gpt-4o_7_105_2095,C2
AR_gpt-4o_7_105_2096,C2
AR_gpt-4o_7_105_2097,C2
AR_gpt-4o_7_105_2098,C2
AR_gpt-4o_7_105_2099,C2
AR_gpt-4o_7_105_2100,C2
AR_gpt-4o_5_106_2101,C1
AR_gpt-4o_5_106_2102,C1
AR_gpt-4o_5_106_2103,C1
AR_gpt-4o_5_106_2104,C1
AR_gpt-4o_5_106_2105,C1
AR_gpt-4o_5_106_2106,C1
AR_gpt-4o_5_106_2107,C1
AR_gpt-4o_5_106_2108,C1
AR_gpt-4o_5_106_2109,C1
AR_gpt-4o_5_106_2110,C1
AR_gpt-4o_5_106_2111,C2
AR_gpt-4o_5_106_2112,C2
AR_gpt-4o_5_106_2113,C2
AR_gpt-4o_5_106_2114,C2
AR_gpt-4o_5_106_2115,C2
AR_gpt-4o_5_106_2116,C2
AR_gpt-4o_5_106_2117,C2
AR_gpt-4o_5_106_2118,C2
AR_gpt-4o_5_106_2119,C2
AR_gpt-4o_5_106_2120,C2
AR_gpt-4o_6_107_2121,C1
AR_gpt-4o_6_107_2122,C1
AR_gpt-4o_6_107_2123,C1
AR_gpt-4o_6_107_2124,C1
AR_gpt-4o_6_107_2125,C1
AR_gpt-4o_6_107_2126,C1
AR_gpt-4o_6_107_2127,C1
AR_gpt-4o_6_107_2128,C1
AR_gpt-4o_6_107_2129,C1
AR_gpt-4o_6_107_2130,C1
AR_gpt-4o_6_107_2131,C2
AR_gpt-4o_6_107_2132,C2
AR_gpt-4o_6_107_2133,C2
AR_gpt-4o_6_107_2134,C2
AR_gpt-4o_6_107_2135,C2
AR_gpt-4o_6_107_2136,C2
AR_gpt-4o_6_107_2137,C2
AR_gpt-4o_6_107_2138,C2
AR_gpt-4o_6_107_2139,C2
AR_gpt-4o_6_107_2140,C2
AR_gpt-4o_15_108_2141,C1
AR_gpt-4o_15_108_2142,C1
AR_gpt-4o_15_108_2143,C1
AR_gpt-4o_15_108_2144,C1
AR_gpt-4o_15_108_2145,C1
AR_gpt-4o_15_108_2146,C1
AR_gpt-4o_15_108_2147,C1
AR_gpt-4o_15_108_2148,C1
AR_gpt-4o_15_108_2149,C1
AR_gpt-4o_15_108_2150,C1
AR_gpt-4o_15_108_2151,C2
AR_gpt-4o_15_108_2152,C2
AR_gpt-4o_15_108_2153,C2
AR_gpt-4o_15_108_2154,C2
AR_gpt-4o_15_108_2155,C2
AR_gpt-4o_15_108_2156,C2
AR_gpt-4o_15_108_2157,C2
AR_gpt-4o_15_108_2158,C2
AR_gpt-4o_15_108_2159,C2
AR_gpt-4o_15_108_2160,C2
AR_gpt-4o_6_109_2161,C1
AR_gpt-4o_6_109_2162,C1
AR_gpt-4o_6_109_2163,C1
AR_gpt-4o_6_109_2164,C1
AR_gpt-4o_6_109_2165,C1
AR_gpt-4o_6_109_2166,C1
AR_gpt-4o_6_109_2167,C1
AR_gpt-4o_6_109_2168,C1
AR_gpt-4o_6_109_2169,C1
AR_gpt-4o_6_109_2170,C1
AR_gpt-4o_6_109_2171,C2
AR_gpt-4o_6_109_2172,C2
AR_gpt-4o_6_109_2173,C2
AR_gpt-4o_6_109_2174,C2
AR_gpt-4o_6_109_2175,C2
AR_gpt-4o_6_109_2176,C2
AR_gpt-4o_6_109_2177,C2
AR_gpt-4o_6_109_2178,C2
AR_gpt-4o_6_109_2179,C2
AR_gpt-4o_6_109_2180,C2
AR_gpt-4o_7_110_2181,C1
AR_gpt-4o_7_110_2182,C1
AR_gpt-4o_7_110_2183,C1
AR_gpt-4o_7_110_2184,C1
AR_gpt-4o_7_110_2185,C1
AR_gpt-4o_7_110_2186,C1
AR_gpt-4o_7_110_2187,C1
AR_gpt-4o_7_110_2188,C1
AR_gpt-4o_7_110_2189,C1
AR_gpt-4o_7_110_2190,C1
AR_gpt-4o_7_110_2191,C2
AR_gpt-4o_7_110_2192,C2
AR_gpt-4o_7_110_2193,C2
AR_gpt-4o_7_110_2194,C2
AR_gpt-4o_7_110_2195,C2
AR_gpt-4o_7_110_2196,C2
AR_gpt-4o_7_110_2197,C2
AR_gpt-4o_7_110_2198,C2
AR_gpt-4o_7_110_2199,C2
AR_gpt-4o_7_110_2200,C2
AR_gpt-4o_5_111_2201,C1
AR_gpt-4o_5_111_2202,C1
AR_gpt-4o_5_111_2203,C1
AR_gpt-4o_5_111_2204,C1
AR_gpt-4o_5_111_2205,C1
AR_gpt-4o_5_111_2206,C1
AR_gpt-4o_5_111_2207,C1
AR_gpt-4o_5_111_2208,C1
AR_gpt-4o_5_111_2209,C1
AR_gpt-4o_5_111_2210,C1
AR_gpt-4o_5_111_2211,C2
AR_gpt-4o_5_111_2212,C2
AR_gpt-4o_5_111_2213,C2
AR_gpt-4o_5_111_2214,C2
AR_gpt-4o_5_111_2215,C2
AR_gpt-4o_5_111_2216,C2
AR_gpt-4o_5_111_2217,C2
AR_gpt-4o_5_111_2218,C2
AR_gpt-4o_5_111_2219,C2
AR_gpt-4o_5_111_2220,C2
AR_gpt-4o_6_112_2221,C1
AR_gpt-4o_6_112_2222,C1
AR_gpt-4o_6_112_2223,C1
AR_gpt-4o_6_112_2224,C1
AR_gpt-4o_6_112_2225,C1
AR_gpt-4o_6_112_2226,C1
AR_gpt-4o_6_112_2227,C1
AR_gpt-4o_6_112_2228,C1
AR_gpt-4o_6_112_2229,C1
AR_gpt-4o_6_112_2230,C1
AR_gpt-4o_6_112_2231,C2
AR_gpt-4o_6_112_2232,C2
AR_gpt-4o_6_112_2233,C2
AR_gpt-4o_6_112_2234,C2
AR_gpt-4o_6_112_2235,C2
AR_gpt-4o_6_112_2236,C2
AR_gpt-4o_6_112_2237,C2
AR_gpt-4o_6_112_2238,C2
AR_gpt-4o_6_112_2239,C2
AR_gpt-4o_6_112_2240,C2
AR_gpt-4o_15_113_2241,C1
AR_gpt-4o_15_113_2242,C1
AR_gpt-4o_15_113_2243,C1
AR_gpt-4o_15_113_2244,C1
AR_gpt-4o_15_113_2245,C1
AR_gpt-4o_15_113_2246,C1
AR_gpt-4o_15_113_2247,C1
AR_gpt-4o_15_113_2248,C1
AR_gpt-4o_15_113_2249,C1
AR_gpt-4o_15_113_2250,C1
AR_gpt-4o_15_113_2251,C2
AR_gpt-4o_15_113_2252,C2
AR_gpt-4o_15_113_2253,C2
AR_gpt-4o_15_113_2254,C2
AR_gpt-4o_15_113_2255,C2
AR_gpt-4o_15_113_2256,C2
AR_gpt-4o_15_113_2257,C2
AR_gpt-4o_15_113_2258,C2
AR_gpt-4o_15_113_2259,C2
AR_gpt-4o_15_113_2260,C2
AR_gpt-4o_5_114_2261,C1
AR_gpt-4o_5_114_2262,C1
AR_gpt-4o_5_114_2263,C1
AR_gpt-4o_5_114_2264,C1
AR_gpt-4o_5_114_2265,C1
AR_gpt-4o_5_114_2266,C1
AR_gpt-4o_5_114_2267,C1
AR_gpt-4o_5_114_2268,C1
AR_gpt-4o_5_114_2269,C1
AR_gpt-4o_5_114_2270,C1
AR_gpt-4o_5_114_2271,C2
AR_gpt-4o_5_114_2272,C2
AR_gpt-4o_5_114_2273,C2
AR_gpt-4o_5_114_2274,C2
AR_gpt-4o_5_114_2275,C2
AR_gpt-4o_5_114_2276,C2
AR_gpt-4o_5_114_2277,C2
AR_gpt-4o_5_114_2278,C2
AR_gpt-4o_5_114_2279,C2
AR_gpt-4o_5_114_2280,C2
AR_gpt-4o_15_115_2281,C1
AR_gpt-4o_15_115_2282,C1
AR_gpt-4o_15_115_2283,C1
AR_gpt-4o_15_115_2284,C1
AR_gpt-4o_15_115_2285,C1
AR_gpt-4o_15_115_2286,C1
AR_gpt-4o_15_115_2287,C1
AR_gpt-4o_15_115_2288,C1
AR_gpt-4o_15_115_2289,C1
AR_gpt-4o_15_115_2290,C1
AR_gpt-4o_15_115_2291,C2
AR_gpt-4o_15_115_2292,C2
AR_gpt-4o_15_115_2293,C2
AR_gpt-4o_15_115_2294,C2
AR_gpt-4o_15_115_2295,C2
AR_gpt-4o_15_115_2296,C2
AR_gpt-4o_15_115_2297,C2
AR_gpt-4o_15_115_2298,C2
AR_gpt-4o_15_115_2299,C2
AR_gpt-4o_15_115_2300,C2
AR_gpt-4o_5_116_2301,C1
AR_gpt-4o_5_116_2302,C1
AR_gpt-4o_5_116_2303,C1
AR_gpt-4o_5_116_2304,C1
AR_gpt-4o_5_116_2305,C1
AR_gpt-4o_5_116_2306,C1
AR_gpt-4o_5_116_2307,C1
AR_gpt-4o_5_116_2308,C1
AR_gpt-4o_5_116_2309,C1
AR_gpt-4o_5_116_2310,C1
AR_gpt-4o_5_116_2311,C2
AR_gpt-4o_5_116_2312,C2
AR_gpt-4o_5_116_2313,C2
AR_gpt-4o_5_116_2314,C2
AR_gpt-4o_5_116_2315,C2
AR_gpt-4o_5_116_2316,C2
AR_gpt-4o_5_116_2317,C2
AR_gpt-4o_5_116_2318,C2
AR_gpt-4o_5_116_2319,C2
AR_gpt-4o_5_116_2320,C2
AR_gpt-4o_7_117_2321,C1
AR_gpt-4o_7_117_2322,C1
AR_gpt-4o_7_117_2323,C1
AR_gpt-4o_7_117_2324,C1
AR_gpt-4o_7_117_2325,C1
AR_gpt-4o_7_117_2326,C1
AR_gpt-4o_7_117_2327,C1
AR_gpt-4o_7_117_2328,C1
AR_gpt-4o_7_117_2329,C1
AR_gpt-4o_7_117_2330,C1
AR_gpt-4o_7_117_2331,C2
AR_gpt-4o_7_117_2332,C2
AR_gpt-4o_7_117_2333,C2
AR_gpt-4o_7_117_2334,C2
AR_gpt-4o_7_117_2335,C2
AR_gpt-4o_7_117_2336,C2
AR_gpt-4o_7_117_2337,C2
AR_gpt-4o_7_117_2338,C2
AR_gpt-4o_7_117_2339,C2
AR_gpt-4o_7_117_2340,C2
AR_gpt-4o_6_118_2341,C1
AR_gpt-4o_6_118_2342,C1
AR_gpt-4o_6_118_2343,C1
AR_gpt-4o_6_118_2344,C1
AR_gpt-4o_6_118_2345,C1
AR_gpt-4o_6_118_2346,C1
AR_gpt-4o_6_118_2347,C1
AR_gpt-4o_6_118_2348,C1
AR_gpt-4o_6_118_2349,C1
AR_gpt-4o_6_118_2350,C1
AR_gpt-4o_6_118_2351,C2
AR_gpt-4o_6_118_2352,C2
AR_gpt-4o_6_118_2353,C2
AR_gpt-4o_6_118_2354,C2
AR_gpt-4o_6_118_2355,C2
AR_gpt-4o_6_118_2356,C2
AR_gpt-4o_6_118_2357,C2
AR_gpt-4o_6_118_2358,C2
AR_gpt-4o_6_118_2359,C2
AR_gpt-4o_6_118_2360,C2
AR_gpt-4o_5_119_2361,C1
AR_gpt-4o_5_119_2362,C1
AR_gpt-4o_5_119_2363,C1
AR_gpt-4o_5_119_2364,C1
AR_gpt-4o_5_119_2365,C1
AR_gpt-4o_5_119_2366,C1
AR_gpt-4o_5_119_2367,C1
AR_gpt-4o_5_119_2368,C1
AR_gpt-4o_5_119_2369,C1
AR_gpt-4o_5_119_2370,C1
AR_gpt-4o_5_119_2371,C2
AR_gpt-4o_5_119_2372,C2
AR_gpt-4o_5_119_2373,C2
AR_gpt-4o_5_119_2374,C2
AR_gpt-4o_5_119_2375,C2
AR_gpt-4o_5_119_2376,C2
AR_gpt-4o_5_119_2377,C2
AR_gpt-4o_5_119_2378,C2
AR_gpt-4o_5_119_2379,C2
AR_gpt-4o_5_119_2380,C2
AR_gpt-4o_5_120_2381,C1
AR_gpt-4o_5_120_2382,C1
AR_gpt-4o_5_120_2383,C1
AR_gpt-4o_5_120_2384,C1
AR_gpt-4o_5_120_2385,C1
AR_gpt-4o_5_120_2386,C1
AR_gpt-4o_5_120_2387,C1
AR_gpt-4o_5_120_2388,C1
AR_gpt-4o_5_120_2389,C1
AR_gpt-4o_5_120_2390,C1
AR_gpt-4o_5_120_2391,C2
AR_gpt-4o_5_120_2392,C2
AR_gpt-4o_5_120_2393,C2
AR_gpt-4o_5_120_2394,C2
AR_gpt-4o_5_120_2395,C2
AR_gpt-4o_5_120_2396,C2
AR_gpt-4o_5_120_2397,C2
AR_gpt-4o_5_120_2398,C2
AR_gpt-4o_5_120_2399,C2
AR_gpt-4o_5_120_2400,C2
AR_gpt-4o_8_121_2401,C1
AR_gpt-4o_8_121_2402,C1
AR_gpt-4o_8_121_2403,C1
AR_gpt-4o_8_121_2404,C1
AR_gpt-4o_8_121_2405,C1
AR_gpt-4o_8_121_2406,C1
AR_gpt-4o_8_121_2407,C1
AR_gpt-4o_8_121_2408,C1
AR_gpt-4o_8_121_2409,C1
AR_gpt-4o_8_121_2410,C1
AR_gpt-4o_8_121_2411,C2
AR_gpt-4o_8_121_2412,C2
AR_gpt-4o_8_121_2413,C2
AR_gpt-4o_8_121_2414,C2
AR_gpt-4o_8_121_2415,C2
AR_gpt-4o_8_121_2416,C2
AR_gpt-4o_8_121_2417,C2
AR_gpt-4o_8_121_2418,C2
AR_gpt-4o_8_121_2419,C2
AR_gpt-4o_8_121_2420,C2
AR_gpt-4o_7_122_2421,C1
AR_gpt-4o_7_122_2422,C1
AR_gpt-4o_7_122_2423,C1
AR_gpt-4o_7_122_2424,C1
AR_gpt-4o_7_122_2425,C1
AR_gpt-4o_7_122_2426,C1
AR_gpt-4o_7_122_2427,C1
AR_gpt-4o_7_122_2428,C1
AR_gpt-4o_7_122_2429,C1
AR_gpt-4o_7_122_2430,C1
AR_gpt-4o_7_122_2431,C2
AR_gpt-4o_7_122_2432,C2
AR_gpt-4o_7_122_2433,C2
AR_gpt-4o_7_122_2434,C2
AR_gpt-4o_7_122_2435,C2
AR_gpt-4o_7_122_2436,C2
AR_gpt-4o_7_122_2437,C2
AR_gpt-4o_7_122_2438,C2
AR_gpt-4o_7_122_2439,C2
AR_gpt-4o_7_122_2440,C2
AR_gpt-4o_7_123_2441,C1
AR_gpt-4o_7_123_2442,C1
AR_gpt-4o_7_123_2443,C1
AR_gpt-4o_7_123_2444,C1
AR_gpt-4o_7_123_2445,C1
AR_gpt-4o_7_123_2446,C1
AR_gpt-4o_7_123_2447,C1
AR_gpt-4o_7_123_2448,C1
AR_gpt-4o_7_123_2449,C1
AR_gpt-4o_7_123_2450,C1
AR_gpt-4o_7_123_2451,C2
AR_gpt-4o_7_123_2452,C2
AR_gpt-4o_7_123_2453,C2
AR_gpt-4o_7_123_2454,C2
AR_gpt-4o_7_123_2455,C2
AR_gpt-4o_7_123_2456,C2
AR_gpt-4o_7_123_2457,C2
AR_gpt-4o_7_123_2458,C2
AR_gpt-4o_7_123_2459,C2
AR_gpt-4o_7_123_2460,C2
AR_gpt-4o_15_124_2461,C1
AR_gpt-4o_15_124_2462,C1
AR_gpt-4o_15_124_2463,C1
AR_gpt-4o_15_124_2464,C1
AR_gpt-4o_15_124_2465,C1
AR_gpt-4o_15_124_2466,C1
AR_gpt-4o_15_124_2467,C1
AR_gpt-4o_15_124_2468,C1
AR_gpt-4o_15_124_2469,C1
AR_gpt-4o_15_124_2470,C1
AR_gpt-4o_15_124_2471,C2
AR_gpt-4o_15_124_2472,C2
AR_gpt-4o_15_124_2473,C2
AR_gpt-4o_15_124_2474,C2
AR_gpt-4o_15_124_2475,C2
AR_gpt-4o_15_124_2476,C2
AR_gpt-4o_15_124_2477,C2
AR_gpt-4o_15_124_2478,C2
AR_gpt-4o_15_124_2479,C2
AR_gpt-4o_15_124_2480,C2
AR_gpt-4o_7_125_2481,C1
AR_gpt-4o_7_125_2482,C1
AR_gpt-4o_7_125_2483,C1
AR_gpt-4o_7_125_2484,C1
AR_gpt-4o_7_125_2485,C1
AR_gpt-4o_7_125_2486,C1
AR_gpt-4o_7_125_2487,C1
AR_gpt-4o_7_125_2488,C1
AR_gpt-4o_7_125_2489,C1
AR_gpt-4o_7_125_2490,C1
AR_gpt-4o_7_125_2491,C2
AR_gpt-4o_7_125_2492,C2
AR_gpt-4o_7_125_2493,C2
AR_gpt-4o_7_125_2494,C2
AR_gpt-4o_7_125_2495,C2
AR_gpt-4o_7_125_2496,C2
AR_gpt-4o_7_125_2497,C2
AR_gpt-4o_7_125_2498,C2
AR_gpt-4o_7_125_2499,C2
AR_gpt-4o_7_125_2500,C2
AR_gpt-4o_15_126_2501,C1
AR_gpt-4o_15_126_2502,C1
AR_gpt-4o_15_126_2503,C1
AR_gpt-4o_15_126_2504,C1
AR_gpt-4o_15_126_2505,C1
AR_gpt-4o_15_126_2506,C1
AR_gpt-4o_15_126_2507,C1
AR_gpt-4o_15_126_2508,C1
AR_gpt-4o_15_126_2509,C1
AR_gpt-4o_15_126_2510,C1
AR_gpt-4o_15_126_2511,C2
AR_gpt-4o_15_126_2512,C2
AR_gpt-4o_15_126_2513,C2
AR_gpt-4o_15_126_2514,C2
AR_gpt-4o_15_126_2515,C2
AR_gpt-4o_15_126_2516,C2
AR_gpt-4o_15_126_2517,C2
AR_gpt-4o_15_126_2518,C2
AR_gpt-4o_15_126_2519,C2
AR_gpt-4o_15_126_2520,C2
AR_gpt-4o_7_127_2521,C1
AR_gpt-4o_7_127_2522,C1
AR_gpt-4o_7_127_2523,C1
AR_gpt-4o_7_127_2524,C1
AR_gpt-4o_7_127_2525,C1
AR_gpt-4o_7_127_2526,C1
AR_gpt-4o_7_127_2527,C1
AR_gpt-4o_7_127_2528,C1
AR_gpt-4o_7_127_2529,C1
AR_gpt-4o_7_127_2530,C1
AR_gpt-4o_7_127_2531,C2
AR_gpt-4o_7_127_2532,C2
AR_gpt-4o_7_127_2533,C2
AR_gpt-4o_7_127_2534,C2
AR_gpt-4o_7_127_2535,C2
AR_gpt-4o_7_127_2536,C2
AR_gpt-4o_7_127_2537,C2
AR_gpt-4o_7_127_2538,C2
AR_gpt-4o_7_127_2539,C2
AR_gpt-4o_7_127_2540,C2
AR_gpt-4o_5_128_2541,C1
AR_gpt-4o_5_128_2542,C1
AR_gpt-4o_5_128_2543,C1
AR_gpt-4o_5_128_2544,C1
AR_gpt-4o_5_128_2545,C1
AR_gpt-4o_5_128_2546,C1
AR_gpt-4o_5_128_2547,C1
AR_gpt-4o_5_128_2548,C1
AR_gpt-4o_5_128_2549,C1
AR_gpt-4o_5_128_2550,C1
AR_gpt-4o_5_128_2551,C2
AR_gpt-4o_5_128_2552,C2
AR_gpt-4o_5_128_2553,C2
AR_gpt-4o_5_128_2554,C2
AR_gpt-4o_5_128_2555,C2
AR_gpt-4o_5_128_2556,C2
AR_gpt-4o_5_128_2557,C2
AR_gpt-4o_5_128_2558,C2
AR_gpt-4o_5_128_2559,C2
AR_gpt-4o_5_128_2560,C2
AR_gpt-4o_6_129_2561,C1
AR_gpt-4o_6_129_2562,C1
AR_gpt-4o_6_129_2563,C1
AR_gpt-4o_6_129_2564,C1
AR_gpt-4o_6_129_2565,C1
AR_gpt-4o_6_129_2566,C1
AR_gpt-4o_6_129_2567,C1
AR_gpt-4o_6_129_2568,C1
AR_gpt-4o_6_129_2569,C1
AR_gpt-4o_6_129_2570,C1
AR_gpt-4o_6_129_2571,C2
AR_gpt-4o_6_129_2572,C2
AR_gpt-4o_6_129_2573,C2
AR_gpt-4o_6_129_2574,C2
AR_gpt-4o_6_129_2575,C2
AR_gpt-4o_6_129_2576,C2
AR_gpt-4o_6_129_2577,C2
AR_gpt-4o_6_129_2578,C2
AR_gpt-4o_6_129_2579,C2
AR_gpt-4o_6_129_2580,C2
AR_gpt-4o_10_130_2581,C1
AR_gpt-4o_10_130_2582,C1
AR_gpt-4o_10_130_2583,C1
AR_gpt-4o_10_130_2584,C1
AR_gpt-4o_10_130_2585,C1
AR_gpt-4o_10_130_2586,C1
AR_gpt-4o_10_130_2587,C1
AR_gpt-4o_10_130_2588,C1
AR_gpt-4o_10_130_2589,C1
AR_gpt-4o_10_130_2590,C1
AR_gpt-4o_10_130_2591,C2
AR_gpt-4o_10_130_2592,C2
AR_gpt-4o_10_130_2593,C2
AR_gpt-4o_10_130_2594,C2
AR_gpt-4o_10_130_2595,C2
AR_gpt-4o_10_130_2596,C2
AR_gpt-4o_10_130_2597,C2
AR_gpt-4o_10_130_2598,C2
AR_gpt-4o_10_130_2599,C2
AR_gpt-4o_10_130_2600,C2
AR_gpt-4o_10_131_2601,C1
AR_gpt-4o_10_131_2602,C1
AR_gpt-4o_10_131_2603,C1
AR_gpt-4o_10_131_2604,C1
AR_gpt-4o_10_131_2605,C1
AR_gpt-4o_10_131_2606,C1
AR_gpt-4o_10_131_2607,C1
AR_gpt-4o_10_131_2608,C1
AR_gpt-4o_10_131_2609,C1
AR_gpt-4o_10_131_2610,C1
AR_gpt-4o_10_131_2611,C2
AR_gpt-4o_10_131_2612,C2
AR_gpt-4o_10_131_2613,C2
AR_gpt-4o_10_131_2614,C2
AR_gpt-4o_10_131_2615,C2
AR_gpt-4o_10_131_2616,C2
AR_gpt-4o_10_131_2617,C2
AR_gpt-4o_10_131_2618,C2
AR_gpt-4o_10_131_2619,C2
AR_gpt-4o_10_131_2620,C2
AR_gpt-4o_14_132_2621,C1
AR_gpt-4o_14_132_2622,C1
AR_gpt-4o_14_132_2623,C1
AR_gpt-4o_14_132_2624,C1
AR_gpt-4o_14_132_2625,C1
AR_gpt-4o_14_132_2626,C1
AR_gpt-4o_14_132_2627,C1
AR_gpt-4o_14_132_2628,C1
AR_gpt-4o_14_132_2629,C1
AR_gpt-4o_14_132_2630,C1
AR_gpt-4o_14_132_2631,C2
AR_gpt-4o_14_132_2632,C2
AR_gpt-4o_14_132_2633,C2
AR_gpt-4o_14_132_2634,C2
AR_gpt-4o_14_132_2635,C2
AR_gpt-4o_14_132_2636,C2
AR_gpt-4o_14_132_2637,C2
AR_gpt-4o_14_132_2638,C2
AR_gpt-4o_14_132_2639,C2
AR_gpt-4o_14_132_2640,C2
AR_gpt-4o_12_133_2641,C1
AR_gpt-4o_12_133_2642,C1
AR_gpt-4o_12_133_2643,C1
AR_gpt-4o_12_133_2644,C1
AR_gpt-4o_12_133_2645,C1
AR_gpt-4o_12_133_2646,C1
AR_gpt-4o_12_133_2647,C1
AR_gpt-4o_12_133_2648,C1
AR_gpt-4o_12_133_2649,C1
AR_gpt-4o_12_133_2650,C1
AR_gpt-4o_12_133_2651,C2
AR_gpt-4o_12_133_2652,C2
AR_gpt-4o_12_133_2653,C2
AR_gpt-4o_12_133_2654,C2
AR_gpt-4o_12_133_2655,C2
AR_gpt-4o_12_133_2656,C2
AR_gpt-4o_12_133_2657,C2
AR_gpt-4o_12_133_2658,C2
AR_gpt-4o_12_133_2659,C2
AR_gpt-4o_12_133_2660,C2
AR_gpt-4o_12_134_2661,C1
AR_gpt-4o_12_134_2662,C1
AR_gpt-4o_12_134_2663,C1
AR_gpt-4o_12_134_2664,C1
AR_gpt-4o_12_134_2665,C1
AR_gpt-4o_12_134_2666,C1
AR_gpt-4o_12_134_2667,C1
AR_gpt-4o_12_134_2668,C1
AR_gpt-4o_12_134_2669,C1
AR_gpt-4o_12_134_2670,C1
AR_gpt-4o_12_134_2671,C2
AR_gpt-4o_12_134_2672,C2
AR_gpt-4o_12_134_2673,C2
AR_gpt-4o_12_134_2674,C2
AR_gpt-4o_12_134_2675,C2
AR_gpt-4o_12_134_2676,C2
AR_gpt-4o_12_134_2677,C2
AR_gpt-4o_12_134_2678,C2
AR_gpt-4o_12_134_2679,C2
AR_gpt-4o_12_134_2680,C2
AR_gpt-4o_13_135_2681,C1
AR_gpt-4o_13_135_2682,C1
AR_gpt-4o_13_135_2683,C1
AR_gpt-4o_13_135_2684,C1
AR_gpt-4o_13_135_2685,C1
AR_gpt-4o_13_135_2686,C1
AR_gpt-4o_13_135_2687,C1
AR_gpt-4o_13_135_2688,C1
AR_gpt-4o_13_135_2689,C1
AR_gpt-4o_13_135_2690,C1
AR_gpt-4o_13_135_2691,C2
AR_gpt-4o_13_135_2692,C2
AR_gpt-4o_13_135_2693,C2
AR_gpt-4o_13_135_2694,C2
AR_gpt-4o_13_135_2695,C2
AR_gpt-4o_13_135_2696,C2
AR_gpt-4o_13_135_2697,C2
AR_gpt-4o_13_135_2698,C2
AR_gpt-4o_13_135_2699,C2
AR_gpt-4o_13_135_2700,C2
AR_gpt-4o_13_136_2701,C1
AR_gpt-4o_13_136_2702,C1
AR_gpt-4o_13_136_2703,C1
AR_gpt-4o_13_136_2704,C1
AR_gpt-4o_13_136_2705,C1
AR_gpt-4o_13_136_2706,C1
AR_gpt-4o_13_136_2707,C1
AR_gpt-4o_13_136_2708,C1
AR_gpt-4o_13_136_2709,C1
AR_gpt-4o_13_136_2710,C1
AR_gpt-4o_13_136_2711,C2
AR_gpt-4o_13_136_2712,C2
AR_gpt-4o_13_136_2713,C2
AR_gpt-4o_13_136_2714,C2
AR_gpt-4o_13_136_2715,C2
AR_gpt-4o_13_136_2716,C2
AR_gpt-4o_13_136_2717,C2
AR_gpt-4o_13_136_2718,C2
AR_gpt-4o_13_136_2719,C2
AR_gpt-4o_13_136_2720,C2
AR_gpt-4o_16_137_2721,C1
AR_gpt-4o_16_137_2722,C1
AR_gpt-4o_16_137_2723,C1
AR_gpt-4o_16_137_2724,C1
AR_gpt-4o_16_137_2725,C1
AR_gpt-4o_16_137_2726,C1
AR_gpt-4o_16_137_2727,C1
AR_gpt-4o_16_137_2728,C1
AR_gpt-4o_16_137_2729,C1
AR_gpt-4o_16_137_2730,C1
AR_gpt-4o_16_137_2731,C2
AR_gpt-4o_16_137_2732,C2
AR_gpt-4o_16_137_2733,C2
AR_gpt-4o_16_137_2734,C2
AR_gpt-4o_16_137_2735,C2
AR_gpt-4o_16_137_2736,C2
AR_gpt-4o_16_137_2737,C2
AR_gpt-4o_16_137_2738,C2
AR_gpt-4o_16_137_2739,C2
AR_gpt-4o_16_137_2740,C2
AR_gpt-4o_16_138_2741,C1
AR_gpt-4o_16_138_2742,C1
AR_gpt-4o_16_138_2743,C1
AR_gpt-4o_16_138_2744,C1
AR_gpt-4o_16_138_2745,C1
AR_gpt-4o_16_138_2746,C1
AR_gpt-4o_16_138_2747,C1
AR_gpt-4o_16_138_2748,C1
AR_gpt-4o_16_138_2749,C1
AR_gpt-4o_16_138_2750,C1
AR_gpt-4o_16_138_2751,C2
AR_gpt-4o_16_138_2752,C2
AR_gpt-4o_16_138_2753,C2
AR_gpt-4o_16_138_2754,C2
AR_gpt-4o_16_138_2755,C2
AR_gpt-4o_16_138_2756,C2
AR_gpt-4o_16_138_2757,C2
AR_gpt-4o_16_138_2758,C2
AR_gpt-4o_16_138_2759,C2
AR_gpt-4o_16_138_2760,C2
AR_gpt-4o_11_139_2761,C1
AR_gpt-4o_11_139_2762,C1
AR_gpt-4o_11_139_2763,C1
AR_gpt-4o_11_139_2764,C1
AR_gpt-4o_11_139_2765,C1
AR_gpt-4o_11_139_2766,C1
AR_gpt-4o_11_139_2767,C1
AR_gpt-4o_11_139_2768,C1
AR_gpt-4o_11_139_2769,C1
AR_gpt-4o_11_139_2770,C1
AR_gpt-4o_11_139_2771,C2
AR_gpt-4o_11_139_2772,C2
AR_gpt-4o_11_139_2773,C2
AR_gpt-4o_11_139_2774,C2
AR_gpt-4o_11_139_2775,C2
AR_gpt-4o_11_139_2776,C2
AR_gpt-4o_11_139_2777,C2
AR_gpt-4o_11_139_2778,C2
AR_gpt-4o_11_139_2779,C2
AR_gpt-4o_11_139_2780,C2
AR_gpt-4o_11_140_2781,C1
AR_gpt-4o_11_140_2782,C1
AR_gpt-4o_11_140_2783,C1
AR_gpt-4o_11_140_2784,C1
AR_gpt-4o_11_140_2785,C1
AR_gpt-4o_11_140_2786,C1
AR_gpt-4o_11_140_2787,C1
AR_gpt-4o_11_140_2788,C1
AR_gpt-4o_11_140_2789,C1
AR_gpt-4o_11_140_2790,C1
AR_gpt-4o_11_140_2791,C2
AR_gpt-4o_11_140_2792,C2
AR_gpt-4o_11_140_2793,C2
AR_gpt-4o_11_140_2794,C2
AR_gpt-4o_11_140_2795,C2
AR_gpt-4o_11_140_2796,C2
AR_gpt-4o_11_140_2797,C2
AR_gpt-4o_11_140_2798,C2
AR_gpt-4o_11_140_2799,C2
AR_gpt-4o_11_140_2800,C2
AR_gpt-4o_4_141_2801,C1
AR_gpt-4o_4_141_2802,C1
AR_gpt-4o_4_141_2803,C1
AR_gpt-4o_4_141_2804,C1
AR_gpt-4o_4_141_2805,C1
AR_gpt-4o_4_141_2806,C1
AR_gpt-4o_4_141_2807,C1
AR_gpt-4o_4_141_2808,C1
AR_gpt-4o_4_141_2809,C1
AR_gpt-4o_4_141_2810,C1
AR_gpt-4o_4_141_2811,C2
AR_gpt-4o_4_141_2812,C2
AR_gpt-4o_4_141_2813,C2
AR_gpt-4o_4_141_2814,C2
AR_gpt-4o_4_141_2815,C2
AR_gpt-4o_4_141_2816,C2
AR_gpt-4o_4_141_2817,C2
AR_gpt-4o_4_141_2818,C2
AR_gpt-4o_4_141_2819,C2
AR_gpt-4o_4_141_2820,C2
AR_gpt-4o_4_142_2821,C1
AR_gpt-4o_4_142_2822,C1
AR_gpt-4o_4_142_2823,C1
AR_gpt-4o_4_142_2824,C1
AR_gpt-4o_4_142_2825,C1
AR_gpt-4o_4_142_2826,C1
AR_gpt-4o_4_142_2827,C1
AR_gpt-4o_4_142_2828,C1
AR_gpt-4o_4_142_2829,C1
AR_gpt-4o_4_142_2830,C1
AR_gpt-4o_4_142_2831,C2
AR_gpt-4o_4_142_2832,C2
AR_gpt-4o_4_142_2833,C2
AR_gpt-4o_4_142_2834,C2
AR_gpt-4o_4_142_2835,C2
AR_gpt-4o_4_142_2836,C2
AR_gpt-4o_4_142_2837,C2
AR_gpt-4o_4_142_2838,C2
AR_gpt-4o_4_142_2839,C2
AR_gpt-4o_4_142_2840,C2
AR_gpt-4o_2_143_2841,C1
AR_gpt-4o_2_143_2842,C1
AR_gpt-4o_2_143_2843,C1
AR_gpt-4o_2_143_2844,C1
AR_gpt-4o_2_143_2845,C1
AR_gpt-4o_2_143_2846,C1
AR_gpt-4o_2_143_2847,C1
AR_gpt-4o_2_143_2848,C1
AR_gpt-4o_2_143_2849,C1
AR_gpt-4o_2_143_2850,C1
AR_gpt-4o_2_143_2851,C2
AR_gpt-4o_2_143_2852,C2
AR_gpt-4o_2_143_2853,C2
AR_gpt-4o_2_143_2854,C2
AR_gpt-4o_2_143_2855,C2
AR_gpt-4o_2_143_2856,C2
AR_gpt-4o_2_143_2857,C2
AR_gpt-4o_2_143_2858,C2
AR_gpt-4o_2_143_2859,C2
AR_gpt-4o_2_143_2860,C2
AR_gpt-4o_2_144_2861,C1
AR_gpt-4o_2_144_2862,C1
AR_gpt-4o_2_144_2863,C1
AR_gpt-4o_2_144_2864,C1
AR_gpt-4o_2_144_2865,C1
AR_gpt-4o_2_144_2866,C1
AR_gpt-4o_2_144_2867,C1
AR_gpt-4o_2_144_2868,C1
AR_gpt-4o_2_144_2869,C1
AR_gpt-4o_2_144_2870,C1
AR_gpt-4o_2_144_2871,C2
AR_gpt-4o_2_144_2872,C2
AR_gpt-4o_2_144_2873,C2
AR_gpt-4o_2_144_2874,C2
AR_gpt-4o_2_144_2875,C2
AR_gpt-4o_2_144_2876,C2
AR_gpt-4o_2_144_2877,C2
AR_gpt-4o_2_144_2878,C2
AR_gpt-4o_2_144_2879,C2
AR_gpt-4o_2_144_2880,C2
AR_gpt-4o_9_145_2881,C1
AR_gpt-4o_9_145_2882,C1
AR_gpt-4o_9_145_2883,C1
AR_gpt-4o_9_145_2884,C1
AR_gpt-4o_9_145_2885,C1
AR_gpt-4o_9_145_2886,C1
AR_gpt-4o_9_145_2887,C1
AR_gpt-4o_9_145_2888,C1
AR_gpt-4o_9_145_2889,C1
AR_gpt-4o_9_145_2890,C1
AR_gpt-4o_9_145_2891,C2
AR_gpt-4o_9_145_2892,C2
AR_gpt-4o_9_145_2893,C2
AR_gpt-4o_9_145_2894,C2
AR_gpt-4o_9_145_2895,C2
AR_gpt-4o_9_145_2896,C2
AR_gpt-4o_9_145_2897,C2
AR_gpt-4o_9_145_2898,C2
AR_gpt-4o_9_145_2899,C2
AR_gpt-4o_9_145_2900,C2
AR_gpt-4o_9_146_2901,C1
AR_gpt-4o_9_146_2902,C1
AR_gpt-4o_9_146_2903,C1
AR_gpt-4o_9_146_2904,C1
AR_gpt-4o_9_146_2905,C1
AR_gpt-4o_9_146_2906,C1
AR_gpt-4o_9_146_2907,C1
AR_gpt-4o_9_146_2908,C1
AR_gpt-4o_9_146_2909,C1
AR_gpt-4o_9_146_2910,C1
AR_gpt-4o_9_146_2911,C2
AR_gpt-4o_9_146_2912,C2
AR_gpt-4o_9_146_2913,C2
AR_gpt-4o_9_146_2914,C2
AR_gpt-4o_9_146_2915,C2
AR_gpt-4o_9_146_2916,C2
AR_gpt-4o_9_146_2917,C2
AR_gpt-4o_9_146_2918,C2
AR_gpt-4o_9_146_2919,C2
AR_gpt-4o_9_146_2920,C2
AR_gpt-4o_17_147_2921,C1
AR_gpt-4o_17_147_2922,C1
AR_gpt-4o_17_147_2923,C1
AR_gpt-4o_17_147_2924,C1
AR_gpt-4o_17_147_2925,C1
AR_gpt-4o_17_147_2926,C1
AR_gpt-4o_17_147_2927,C1
AR_gpt-4o_17_147_2928,C1
AR_gpt-4o_17_147_2929,C1
AR_gpt-4o_17_147_2930,C1
AR_gpt-4o_17_147_2931,C2
AR_gpt-4o_17_147_2932,C2
AR_gpt-4o_17_147_2933,C2
AR_gpt-4o_17_147_2934,C2
AR_gpt-4o_17_147_2935,C2
AR_gpt-4o_17_147_2936,C2
AR_gpt-4o_17_147_2937,C2
AR_gpt-4o_17_147_2938,C2
AR_gpt-4o_17_147_2939,C2
AR_gpt-4o_17_147_2940,C2
AR_gpt-4o_17_148_2941,C1
AR_gpt-4o_17_148_2942,C1
AR_gpt-4o_17_148_2943,C1
AR_gpt-4o_17_148_2944,C1
AR_gpt-4o_17_148_2945,C1
AR_gpt-4o_17_148_2946,C1
AR_gpt-4o_17_148_2947,C1
AR_gpt-4o_17_148_2948,C1
AR_gpt-4o_17_148_2949,C1
AR_gpt-4o_17_148_2950,C1
AR_gpt-4o_17_148_2951,C2
AR_gpt-4o_17_148_2952,C2
AR_gpt-4o_17_148_2953,C2
AR_gpt-4o_17_148_2954,C2
AR_gpt-4o_17_148_2955,C2
AR_gpt-4o_17_148_2956,C2
AR_gpt-4o_17_148_2957,C2
AR_gpt-4o_17_148_2958,C2
AR_gpt-4o_17_148_2959,C2
AR_gpt-4o_17_148_2960,C2
AR_gpt-4o_1_149_2961,C1
AR_gpt-4o_1_149_2962,C1
AR_gpt-4o_1_149_2963,C1
AR_gpt-4o_1_149_2964,C1
AR_gpt-4o_1_149_2965,C1
AR_gpt-4o_1_149_2966,C1
AR_gpt-4o_1_149_2967,C1
AR_gpt-4o_1_149_2968,C1
AR_gpt-4o_1_149_2969,C1
AR_gpt-4o_1_149_2970,C1
AR_gpt-4o_1_149_2971,C2
AR_gpt-4o_1_149_2972,C2
AR_gpt-4o_1_149_2973,C2
AR_gpt-4o_1_149_2974,C2
AR_gpt-4o_1_149_2975,C2
AR_gpt-4o_1_149_2976,C2
AR_gpt-4o_1_149_2977,C2
AR_gpt-4o_1_149_2978,C2
AR_gpt-4o_1_149_2979,C2
AR_gpt-4o_1_149_2980,C2
AR_gpt-4o_1_150_2981,C1
AR_gpt-4o_1_150_2982,C1
AR_gpt-4o_1_150_2983,C1
AR_gpt-4o_1_150_2984,C1
AR_gpt-4o_1_150_2985,C1
AR_gpt-4o_1_150_2986,C1
AR_gpt-4o_1_150_2987,C1
AR_gpt-4o_1_150_2988,C1
AR_gpt-4o_1_150_2989,C1
AR_gpt-4o_1_150_2990,C1
AR_gpt-4o_1_150_2991,C2
AR_gpt-4o_1_150_2992,C2
AR_gpt-4o_1_150_2993,C2
AR_gpt-4o_1_150_2994,C2
AR_gpt-4o_1_150_2995,C2
AR_gpt-4o_1_150_2996,C2
AR_gpt-4o_1_150_2997,C2
AR_gpt-4o_1_150_2998,C2
AR_gpt-4o_1_150_2999,C2
AR_gpt-4o_1_150_3000,C2
AR_gpt-4o_3_151_3001,C1
AR_gpt-4o_3_151_3002,C1
AR_gpt-4o_3_151_3003,C1
AR_gpt-4o_3_151_3004,C1
AR_gpt-4o_3_151_3005,C1
AR_gpt-4o_3_151_3006,C1
AR_gpt-4o_3_151_3007,C1
AR_gpt-4o_3_151_3008,C1
AR_gpt-4o_3_151_3009,C1
AR_gpt-4o_3_151_3010,C1
AR_gpt-4o_3_151_3011,C2
AR_gpt-4o_3_151_3012,C2
AR_gpt-4o_3_151_3013,C2
AR_gpt-4o_3_151_3014,C2
AR_gpt-4o_3_151_3015,C2
AR_gpt-4o_3_151_3016,C2
AR_gpt-4o_3_151_3017,C2
AR_gpt-4o_3_151_3018,C2
AR_gpt-4o_3_151_3019,C2
AR_gpt-4o_3_151_3020,C2
AR_gpt-4o_3_152_3021,C1
AR_gpt-4o_3_152_3022,C1
AR_gpt-4o_3_152_3023,C1
AR_gpt-4o_3_152_3024,C1
AR_gpt-4o_3_152_3025,C1
AR_gpt-4o_3_152_3026,C1
AR_gpt-4o_3_152_3027,C1
AR_gpt-4o_3_152_3028,C1
AR_gpt-4o_3_152_3029,C1
AR_gpt-4o_3_152_3030,C1
AR_gpt-4o_3_152_3031,C2
AR_gpt-4o_3_152_3032,C2
AR_gpt-4o_3_152_3033,C2
AR_gpt-4o_3_152_3034,C2
AR_gpt-4o_3_152_3035,C2
AR_gpt-4o_3_152_3036,C2
AR_gpt-4o_3_152_3037,C2
AR_gpt-4o_3_152_3038,C2
AR_gpt-4o_3_152_3039,C2
AR_gpt-4o_3_152_3040,C2
AR_gpt-4o_18_153_3041,A1
AR_gpt-4o_18_153_3042,A1
AR_gpt-4o_18_153_3043,A1
AR_gpt-4o_18_153_3044,A1
AR_gpt-4o_18_153_3045,A1
AR_gpt-4o_18_153_3046,A1
AR_gpt-4o_18_153_3047,A1
AR_gpt-4o_18_153_3048,A1
AR_gpt-4o_18_153_3049,A1
AR_gpt-4o_18_153_3050,A1
AR_gpt-4o_18_153_3051,A2
AR_gpt-4o_18_153_3052,A2
AR_gpt-4o_18_153_3053,A2
AR_gpt-4o_18_153_3054,A2
AR_gpt-4o_18_153_3055,A2
AR_gpt-4o_18_153_3056,A2
AR_gpt-4o_18_153_3057,A2
AR_gpt-4o_18_153_3058,A2
AR_gpt-4o_18_153_3059,A2
AR_gpt-4o_18_153_3060,A2
AR_gpt-4o_18_154_3061,B1
AR_gpt-4o_18_154_3062,B1
AR_gpt-4o_18_154_3063,B1
AR_gpt-4o_18_154_3064,B1
AR_gpt-4o_18_154_3065,B1
AR_gpt-4o_18_154_3066,B1
AR_gpt-4o_18_154_3067,B1
AR_gpt-4o_18_154_3068,B1
AR_gpt-4o_18_154_3069,B1
AR_gpt-4o_18_154_3070,B1
AR_gpt-4o_18_154_3071,B2
AR_gpt-4o_18_154_3072,B2
AR_gpt-4o_18_154_3073,B2
AR_gpt-4o_18_154_3074,B2
AR_gpt-4o_18_154_3075,B2
AR_gpt-4o_18_154_3076,B2
AR_gpt-4o_18_154_3077,B2
AR_gpt-4o_18_154_3078,B2
AR_gpt-4o_18_154_3079,B2
AR_gpt-4o_18_154_3080,B2
AR_gpt-4o_18_155_3081,C1
AR_gpt-4o_18_155_3082,C1
AR_gpt-4o_18_155_3083,C1
AR_gpt-4o_18_155_3084,C1
AR_gpt-4o_18_155_3085,C1
AR_gpt-4o_18_155_3086,C1
AR_gpt-4o_18_155_3087,C1
AR_gpt-4o_18_155_3088,C1
AR_gpt-4o_18_155_3089,C1
AR_gpt-4o_18_155_3090,C1
AR_gpt-4o_18_155_3091,C2
AR_gpt-4o_18_155_3092,C2
AR_gpt-4o_18_155_3093,C2
AR_gpt-4o_18_155_3094,C2
AR_gpt-4o_18_155_3095,C2
AR_gpt-4o_18_155_3096,C2
AR_gpt-4o_18_155_3097,C2
AR_gpt-4o_18_155_3098,C2
AR_gpt-4o_18_155_3099,C2
AR_gpt-4o_18_155_3100,C2
AR_gpt-4o_19_156_3101,A1
AR_gpt-4o_19_156_3102,A1
AR_gpt-4o_19_156_3103,A1
AR_gpt-4o_19_156_3104,A1
AR_gpt-4o_19_156_3105,A1
AR_gpt-4o_19_156_3106,A1
AR_gpt-4o_19_156_3107,A1
AR_gpt-4o_19_156_3108,A1
AR_gpt-4o_19_156_3109,A1
AR_gpt-4o_19_156_3110,A1
AR_gpt-4o_19_156_3111,A2
AR_gpt-4o_19_156_3112,A2
AR_gpt-4o_19_156_3113,A2
AR_gpt-4o_19_156_3114,A2
AR_gpt-4o_19_156_3115,A2
AR_gpt-4o_19_156_3116,A2
AR_gpt-4o_19_156_3117,A2
AR_gpt-4o_19_156_3118,A2
AR_gpt-4o_19_156_3119,A2
AR_gpt-4o_19_156_3120,A2
AR_gpt-4o_19_157_3121,B1
AR_gpt-4o_19_157_3122,B1
AR_gpt-4o_19_157_3123,B1
AR_gpt-4o_19_157_3124,B1
AR_gpt-4o_19_157_3125,B1
AR_gpt-4o_19_157_3126,B1
AR_gpt-4o_19_157_3127,B1
AR_gpt-4o_19_157_3128,B1
AR_gpt-4o_19_157_3129,B1
AR_gpt-4o_19_157_3130,B1
AR_gpt-4o_19_157_3131,B2
AR_gpt-4o_19_157_3132,B2
AR_gpt-4o_19_157_3133,B2
AR_gpt-4o_19_157_3134,B2
AR_gpt-4o_19_157_3135,B2
AR_gpt-4o_19_157_3136,B2
AR_gpt-4o_19_157_3137,B2
AR_gpt-4o_19_157_3138,B2
AR_gpt-4o_19_157_3139,B2
AR_gpt-4o_19_157_3140,B2
AR_gpt-4o_19_158_3141,C1
AR_gpt-4o_19_158_3142,C1
AR_gpt-4o_19_158_3143,C1
AR_gpt-4o_19_158_3144,C1
AR_gpt-4o_19_158_3145,C1
AR_gpt-4o_19_158_3146,C1
AR_gpt-4o_19_158_3147,C1
AR_gpt-4o_19_158_3148,C1
AR_gpt-4o_19_158_3149,C1
AR_gpt-4o_19_158_3150,C1
AR_gpt-4o_19_158_3151,C2
AR_gpt-4o_19_158_3152,C2
AR_gpt-4o_19_158_3153,C2
AR_gpt-4o_19_158_3154,C2
AR_gpt-4o_19_158_3155,C2
AR_gpt-4o_19_158_3156,C2
AR_gpt-4o_19_158_3157,C2
AR_gpt-4o_19_158_3158,C2
AR_gpt-4o_19_158_3159,C2
AR_gpt-4o_19_158_3160,C2
AR_gpt-4o_20_159_3161,A1
AR_gpt-4o_20_159_3162,A1
AR_gpt-4o_20_159_3163,A1
AR_gpt-4o_20_159_3164,A1
AR_gpt-4o_20_159_3165,A1
AR_gpt-4o_20_159_3166,A1
AR_gpt-4o_20_159_3167,A1
AR_gpt-4o_20_159_3168,A1
AR_gpt-4o_20_159_3169,A1
AR_gpt-4o_20_159_3170,A1
AR_gpt-4o_20_159_3171,A2
AR_gpt-4o_20_159_3172,A2
AR_gpt-4o_20_159_3173,A2
AR_gpt-4o_20_159_3174,A2
AR_gpt-4o_20_159_3175,A2
AR_gpt-4o_20_159_3176,A2
AR_gpt-4o_20_159_3177,A2
AR_gpt-4o_20_159_3178,A2
AR_gpt-4o_20_159_3179,A2
AR_gpt-4o_20_159_3180,A2
AR_gpt-4o_20_160_3181,B1
AR_gpt-4o_20_160_3182,B1
AR_gpt-4o_20_160_3183,B1
AR_gpt-4o_20_160_3184,B1
AR_gpt-4o_20_160_3185,B1
AR_gpt-4o_20_160_3186,B1
AR_gpt-4o_20_160_3187,B1
AR_gpt-4o_20_160_3188,B1
AR_gpt-4o_20_160_3189,B1
AR_gpt-4o_20_160_3190,B1
AR_gpt-4o_20_160_3191,B2
AR_gpt-4o_20_160_3192,B2
AR_gpt-4o_20_160_3193,B2
AR_gpt-4o_20_160_3194,B2
AR_gpt-4o_20_160_3195,B2
AR_gpt-4o_20_160_3196,B2
AR_gpt-4o_20_160_3197,B2
AR_gpt-4o_20_160_3198,B2
AR_gpt-4o_20_160_3199,B2
AR_gpt-4o_20_160_3200,B2
AR_gpt-4o_20_161_3201,C1
AR_gpt-4o_20_161_3202,C1
AR_gpt-4o_20_161_3203,C1
AR_gpt-4o_20_161_3204,C1
AR_gpt-4o_20_161_3205,C1
AR_gpt-4o_20_161_3206,C1
AR_gpt-4o_20_161_3207,C1
AR_gpt-4o_20_161_3208,C1
AR_gpt-4o_20_161_3209,C1
AR_gpt-4o_20_161_3210,C1
AR_gpt-4o_20_161_3211,C2
AR_gpt-4o_20_161_3212,C2
AR_gpt-4o_20_161_3213,C2
AR_gpt-4o_20_161_3214,C2
AR_gpt-4o_20_161_3215,C2
AR_gpt-4o_20_161_3216,C2
AR_gpt-4o_20_161_3217,C2
AR_gpt-4o_20_161_3218,C2
AR_gpt-4o_20_161_3219,C2
AR_gpt-4o_20_161_3220,C2
